
CREATE TABLE companies (
  id int(10) NOT NULL, 
  name varchar(255) NOT NULL, 
  street varchar(255) NOT NULL, 
  house_nr varchar(10), 
  zipcode varchar(50) NOT NULL, 
  city varchar(255) NOT NULL, 
  country_code char(2) NOT NULL, 
  email_adress varchar(320) NOT NULL UNIQUE, 
  phone_number varchar(22) NOT NULL 
);

CREATE TABLE employees (
  id int(10) NOT NULL, 
  first_name char(255) NOT NULL, 
  last_name char(255) NOT NULL, 
  email_adress varchar(255) NOT NULL UNIQUE, 
  password varchar(255) NOT NULL, 
  company_id int(10) NOT NULL, 
  function_name varchar(10) NOT NULL, 
  is_active tinyint(1) DEFAULT 1 
);

CREATE TABLE functions (
  name varchar(10) NOT NULL
);

CREATE TABLE accessibilities (
  function_name varchar(10) NOT NULL, 
  can_acces_orders tinyint(1) NOT NULL DEFAULT 0, 
  can_acces_relations tinyint(1) NOT NULL DEFAULT 0, 
  can_acces_articles tinyint(1) NOT NULL DEFAULT 0, 
  can_acces_employees tinyint(1) NOT NULL DEFAULT 0 
);

CREATE TABLE orders (
  id int(10) NOT NULL, 
  order_date date NOT NULL, 
  shipping_date date NOT NULL, 
  order_type tinyint(1) NOT NULL, 
  employee_id int(10) NOT NULL, 
  relation_id int(10) NOT NULL, 
  company_id int(10) NOT NULL,
  is_finalized tinyint(1) NOT NULL DEFAULT 0
);

CREATE TABLE relations (
  id int(10) NOT NULL, 
  name varchar(255) NOT NULL, 
  street varchar(255) NOT NULL, 
  house_nr varchar(10), 
  zip_code varchar(50) NOT NULL, 
  city varchar(255) NOT NULL, 
  country_code char(2) NOT NULL, 
  email_adress varchar(255) NOT NULL, 
  phone_number varchar(22) NOT NULL 
);

CREATE TABLE order_lines (
  order_id int(10) NOT NULL REFERENCES orders (id), 
  order_line int(10) NOT NULL, 
  quantity int(2) NOT NULL, 
  article_id int(10) NOT NULL REFERENCES articles (id)
);


CREATE TABLE articles (
  id int(10) NOT NULL, 
  name varchar(255) NOT NULL, 
  description varchar(1500),  
  purchase_price decimal(10,2), 
  selling_price decimal(10,2), 
  is_active tinyint(1) NOT NULL DEFAULT 1
);


INSERT INTO `accessibilities` (`function_name`, `can_acces_orders`, `can_acces_relations`, `can_acces_articles`, `can_acces_employees`) VALUES
('admin', 1, 1, 1, 1),
('sales', 0, 0, 0, 0);


INSERT INTO `articles` (`id`, `name`, `description`, `purchase_price`, `selling_price`, `is_active`) VALUES
(1, 'Hoekbank \'Future\' Groen', 'Luxe groene 5-zits hoekbank', '500.00', '790.00', 1),
(2, 'Hoekbank \'Future\' Zwart', 'Luxe zwarte 5-zits hoekbank', '500.00', '790.00', 1),
(11, 'Test item', 'test omschrijving', '795.05', '999.95', 1),
(12, 'Treeflex', '7-400 - Roofing and Siding Panels', '865.23', '922.86', 1),
(13, 'Stronghold', '2-830 - Retaining Walls', '508.93', '261.19', 1),
(14, 'Hatity', '13-550 - Transportation Control Instrumentation', '552.31', '393.18', 1),
(15, 'Tres-Zap', '15-600 - Refrigeration Equipment', '522.13', '133.82', 1),
(16, 'Greenlam', '3-000 - General', '878.09', '220.76', 1),
(17, 'Alpha', '2-770 - Curb and Gutters', '628.57', '851.58', 1),
(18, 'Bytecard', '9 - Finishes', '667.50', '134.27', 1),
(19, 'Duobam', '2-924 - Sodding', '79.56', '936.87', 1),
(20, 'Y-Solowarm', '8-900 - Glazed Curtain Wall', '234.99', '419.39', 1),
(21, 'Overhold', '2-320 - Excavation and Fill', '736.93', '302.67', 1),
(22, 'Bitwolf', '1-014 - Project Executive', '25.18', '226.20', 1),
(23, 'Sonair', '15-200 - Process Piping', '694.06', '455.08', 1),
(24, 'Bamity', '5-400 - Cold-Formed Metal Framing', '8.76', '528.45', 1),
(25, 'Tempsoft', '10-550 - Postal Specialties', '248.18', '876.83', 1),
(26, 'Fixflex', '16-200 - Electrical Power', '441.77', '45.67', 1),
(27, 'Redhold', '1-012 - Superintendent', '783.19', '32.31', 1),
(28, 'Quo Lux', '2-230 - Site Clearing', '880.06', '986.92', 1),
(29, 'Rank', '5-900 - Metal Restoration and Cleaning', '441.17', '198.24', 1),
(30, 'Cardify', '2-917 - Soil Preparation', '685.53', '388.81', 1),
(31, 'Sonair', '12-050 - Fabrics', '234.57', '109.62', 1),
(32, 'Trippledex', '4-900 - Masonry Restoration and Cleaning', '845.26', '584.37', 1),
(33, 'Bitchip', '1-903 - Hazardous Materials Abatement', '912.01', '156.93', 1),
(34, 'Job', '3-540 - Cementitious Underlayments', '507.19', '128.80', 1),
(35, 'Quo Lux', '5 - Metals', '809.91', '656.79', 1),
(36, 'Alphazap', '11-400 - Food Service Equipment', '390.60', '217.24', 1),
(37, 'Greenlam', '13-020 - Building Modules', '556.44', '386.44', 1),
(38, 'Ventosanzap', '2-784 - Stone Unit Pavers', '190.78', '735.90', 1),
(39, 'Ronstring', '12-800 - Interior Plants and Planters', '535.58', '100.74', 1),
(40, 'Regrant', '1-760 - Protecting Installed Construction', '941.08', '185.30', 1),
(41, 'Subin', '8-050 - Basic Door and Window Materials and Methods', '200.15', '309.46', 1),
(42, 'Flowdesk', '2-915 - Mulch', '367.48', '137.61', 1),
(43, 'Matsoft', '2 - Site Construction', '841.50', '217.96', 1),
(44, 'Lotlux', '11-010 - Maintenance Equipment', '105.50', '811.24', 1),
(45, 'Home Ing', '2-316 - Backfilling', '928.90', '310.03', 1),
(46, 'Greenlam', '11-460 - Unit Kitchens', '441.91', '491.14', 1),
(47, 'Latlux', '15-050 - Basic Mechanical Materials and Methods', '584.07', '738.64', 1),
(48, 'Greenlam', '1-542 - Construction Scaffolding and Platforms', '82.14', '320.87', 1),
(49, 'Sub-Ex', '12-100 - Art', '482.96', '353.21', 1),
(50, 'Konklab', '10-820 - Bathroom Accessories', '455.50', '13.95', 1),
(51, 'Bigtax', '16-200 - Electrical Power', '754.78', '214.97', 1),
(52, 'Subin', '2-740 - Flexible Pavement Asphalt Pavement', '679.47', '884.16', 1),
(53, 'Stim', '11-660 - Observatory Equipment', '800.11', '107.60', 1),
(54, 'Domainer', '14-600 - Hoists and Cables', '702.88', '733.19', 1),
(55, 'Span', '7-800 - Fire and Smoke Protection', '283.34', '230.86', 1),
(56, 'Keylex', '17 - Markup and Contingency', '272.20', '703.29', 1),
(57, 'Bigtax', '14-300 - Escalators and Moving Walks', '883.47', '699.82', 1),
(58, 'Stringtough', '10-400 - Identification Devices', '327.44', '804.26', 1),
(59, 'Cookley', '2-250 - Shoring and Underpinning', '963.80', '710.97', 1),
(60, 'Cardguard', '5-500 - Metal Fabrications', '754.53', '525.52', 1),
(61, 'Latlux', '11-110 - Commercial Laundry and Dry Cleaning Equipment', '697.24', '299.21', 1),
(62, 'Cardguard', '9-250 - Gypsum Wallboard', '917.83', '667.38', 1),
(63, 'Cardguard', '10-450 - Pedestrian Control Devices', '920.41', '527.70', 1),
(64, 'Quo Lux', '11 - Equipment', '960.17', '558.91', 1),
(65, 'Stim', '2-812 - Drip Irrigation', '611.54', '482.49', 1),
(66, 'Lotlux', '13-900 - Fire Suppression', '537.01', '561.96', 1),
(67, 'Domainer', '7-900 - Joint Sealers', '880.50', '511.72', 1),
(68, 'Gembucket', '13-110 - Cathodic Protection', '621.27', '181.96', 1),
(69, 'Redhold', '2-316 - Backfilling', '905.78', '374.53', 1),
(70, 'Konklab', '11-460 - Unit Kitchens', '969.48', '91.34', 1),
(71, 'Redhold', '17-020 - Insurance', '303.08', '84.52', 1),
(72, 'Trippledex', '2-935 - Plant Maintenance', '861.05', '620.23', 1),
(73, 'Zamit', '5-200 - Metal Joists', '10.47', '428.29', 1),
(74, 'Holdlamis', '6-400 - Architectural Woodwork', '692.51', '783.99', 1),
(75, 'Tempsoft', '1-523 - Sanitary Facilities', '543.21', '492.40', 1),
(76, 'Treeflex', '6-600 - Plastic Fabrications', '4.90', '444.71', 1),
(77, 'Matsoft', '8-900 - Glazed Curtain Wall', '333.14', '970.25', 1),
(78, 'Holdlamis', '9-500 - Ceilings', '713.10', '60.57', 1),
(79, 'Cardify', '13-010 - Air-Supported Structures', '14.66', '408.96', 1),
(80, 'Fix San', '1-540 - Construction Aids', '27.54', '348.80', 1),
(81, 'Rank', '2-500 - Utility Services', '852.23', '603.40', 1),
(82, 'Andalax', '14-900 - Transportation', '281.58', '12.66', 1),
(83, 'Tempsoft', '10-530 - Protective Covers', '506.48', '490.06', 1),
(84, 'Domainer', '6-900 - Wood and Plastic Restoration and Cleaning', '328.69', '939.06', 1),
(85, 'Alphazap', '10-270 - Access Flooring', '416.93', '518.81', 1),
(86, 'Alphazap', '11-130 - Audio-Visual Equipment', '924.82', '938.73', 1),
(87, 'Alphazap', '10-340 - Manufactured Exterior Specialties', '151.94', '374.21', 1),
(88, 'Duobam', '8-500 - Windows', '794.12', '745.25', 1),
(89, 'Mat Lam Tam', '2-240 - Dewatering', '564.27', '633.29', 1),
(90, 'Zontrax', '9-800 - Acoustical Treatment', '700.47', '135.23', 1),
(91, 'Cookley', '13-850 - Detection and Alarm', '172.80', '349.94', 1),
(92, 'Ventosanzap', '2-315 - Excavation', '7.52', '354.36', 1),
(93, 'Namfix', '14-200 - Elevators', '345.18', '553.22', 1),
(94, 'Voltsillam', '3-100 - Concrete Reinforcement', '113.10', '775.41', 1),
(95, 'Lotlux', '10-530 - Protective Covers', '310.23', '845.19', 1),
(96, 'Lotlux', '1-712 - Local Conditions', '88.35', '408.37', 1),
(97, 'Sonsing', '2-240 - Dewatering', '239.40', '245.70', 1),
(98, 'Flowdesk', '16-300 - Transmission and Distribution', '143.15', '172.82', 1),
(99, 'Cookley', '2-740 - Flexible Pavement Asphalt Pavement', '79.95', '454.09', 1),
(100, 'Duobam', '7-500 - Membrane Roofing', '523.21', '177.85', 1),
(101, 'Y-Solowarm', '13-120 - Pre-Engineered Structures', '164.57', '160.06', 1),
(102, 'Y-Solowarm', '2-300 - Earthwork', '384.40', '216.94', 1),
(103, 'Ventosanzap', '13-900 - Fire Suppression', '607.46', '834.02', 1),
(104, 'Trippledex', '16-400 - Low-Voltage Distribution', '73.06', '129.66', 1),
(105, 'Zaam-Dox', '17-040 - Profit', '732.65', '887.12', 1),
(106, 'Asoka', '2-540 - Septic Tank', '273.71', '549.34', 1),
(107, 'It', '11-400 - Food Service Equipment', '583.61', '16.67', 1),
(108, 'Kanlam', '13-160 - Aquariums', '208.61', '288.15', 1),
(109, 'Tin', '1-010 - Project Manager', '473.54', '769.43', 1),
(110, 'Vagram', '17-040 - Profit', '635.03', '736.57', 1),
(111, 'Ventosanzap', '3-100 - Concrete Reinforcement', '604.80', '81.67', 1),
(112, 'Otcom', '12-600 - Multiple Seating', '909.15', '196.10', 1),
(113, 'Prodder', '10-270 - Access Flooring', '183.33', '340.25', 1),
(114, 'Tempsoft', '17 - Markup and Contingency', '51.88', '938.72', 1),
(115, 'Cookley', '9-100 - Metal Support Assemblies', '812.69', '171.90', 1),
(116, 'Wrapsafe', '14-400 - Lifts', '69.25', '162.73', 1),
(117, 'Tempsoft', '13-170 - Tubs and Pools', '654.62', '253.43', 1),
(118, 'Duobam', '3-100 - Concrete Reinforcement', '724.35', '487.49', 1),
(119, 'Aerified', '4 - Masonry', '103.42', '293.62', 1),
(120, 'Pannier', '2-936 - Fertilizer', '395.32', '490.30', 1),
(121, 'Aerified', '2-740 - Flexible Pavement Asphalt Pavement', '436.99', '467.26', 1),
(122, 'Zamit', '10-100 - Visual Display Boards', '38.74', '982.63', 1),
(123, 'Bamity', '8 - Doors and Windows', '831.38', '228.65', 1),
(124, 'Voyatouch', '13-200 - Storage Tanks', '441.07', '489.22', 1),
(125, 'Alphazap', '2-311 - Final Grading', '87.37', '397.85', 1),
(126, 'Ronstring', '17-040 - Profit', '801.95', '201.47', 1),
(127, 'Alpha', '16-050 - Basic Electrical Materials and Methods', '557.50', '875.31', 1),
(128, 'Tin', '10-150 - Compartments and Cubicles', '739.69', '73.51', 1),
(129, 'Konklab', '1-013 - Project Coordinator', '506.92', '400.49', 1),
(130, 'Sonair', '2-740 - Flexible Pavement Asphalt Pavement', '521.27', '617.10', 1),
(131, 'Zamit', '7-600 - Flashing and Sheet Metal', '712.12', '324.09', 1),
(132, 'Vagram', '8-300 - Specialty Doors', '708.98', '298.28', 1),
(133, 'Fintone', '1-904 - Hazardous Materials Removal and Disposal', '436.84', '286.41', 1),
(134, 'It', '13-500 - Recording Instrumentation', '370.41', '715.85', 1),
(135, 'Y-find', '2-781 - Asphalt Pavers', '926.07', '951.04', 1),
(136, 'Opela', '8-200 - Wood and Plastic Doors', '491.29', '575.55', 1),
(137, 'Asoka', '9-300 - Tile', '84.74', '440.39', 1),
(138, 'Konklux', '2-000 - General', '522.38', '344.18', 1),
(139, 'Ronstring', '2-260 - Excavation Support and Protection', '546.61', '825.21', 1),
(140, 'Daltfresh', '2-315 - Excavation', '486.87', '585.02', 1),
(141, 'Holdlamis', '8-200 - Wood and Plastic Doors', '117.64', '835.67', 1),
(142, 'Home Ing', '9 - Finishes', '689.51', '715.97', 1),
(143, 'Vagram', '10-820 - Bathroom Accessories', '883.01', '675.71', 1),
(144, 'Sonair', '11-300 - Fluid Waste Treatment and Disposal Equipment', '343.62', '912.46', 1),
(145, 'Ronstring', '3-400 - Precast Concrete', '795.02', '666.93', 1),
(146, 'Job', '11-170 - Solid Waste Handling Equipment', '676.79', '782.16', 1),
(147, 'Viva', '11-110 - Commercial Laundry and Dry Cleaning Equipment', '135.10', '808.26', 1),
(148, 'Holdlamis', '9-680 - Carpet', '661.71', '167.83', 1),
(149, 'Transcof', '2-300 - Earthwork', '3.44', '726.90', 1),
(150, 'Fix San', '12-500 - Furniture', '725.61', '103.26', 1),
(151, 'Toughjoyfax', '15-100 - Plumbing', '923.64', '868.88', 1),
(152, 'Viva', '7-800 - Fire and Smoke Protection', '786.21', '349.61', 1),
(153, 'Flexidy', '14-300 - Escalators and Moving Walks', '227.29', '575.82', 1),
(154, 'Sonsing', '15-200 - Process Piping', '639.86', '274.78', 1),
(155, 'It', '16-700 - Communications', '887.72', '283.96', 1),
(156, 'Greenlam', '11-900 - Exhibit Equipment', '329.88', '732.24', 1),
(157, 'Namfix', '3-050 - Concrete Subcontractor', '2.17', '238.46', 1),
(158, 'Vagram', '10-670 - Storage Shelving', '285.83', '134.45', 1),
(159, 'Kanlam', '13-080 - Sound, Vibration, and Seismic Control', '823.80', '16.20', 1),
(160, 'Gembucket', '11-660 - Observatory Equipment', '356.86', '683.34', 1),
(161, 'Y-find', '13-200 - Storage Tanks', '686.60', '380.50', 1),
(162, 'It', '2-260 - Excavation Support and Protection', '176.43', '479.02', 1),
(163, 'Asoka', '4-200 - Masonry Units', '357.87', '644.06', 1),
(164, 'Ventosanzap', '16-200 - Electrical Power', '362.62', '267.06', 1),
(165, 'Home Ing', '7-100 - Damproofing and Waterproofing', '219.60', '164.58', 1),
(166, 'Trippledex', '14-400 - Lifts', '874.75', '238.04', 1),
(167, 'Biodex', '8-500 - Windows', '351.70', '882.90', 1),
(168, 'Toughjoyfax', '8-400 - Entrances and Storefronts', '743.18', '319.12', 1),
(169, 'Asoka', '2-220 - Site Demolition', '867.06', '813.89', 1),
(170, 'Namfix', '7-400 - Roofing and Siding Panels', '870.09', '453.42', 1),
(171, 'Quo Lux', '9-500 - Ceilings', '795.18', '930.26', 1),
(172, 'Fintone', '1-518 - Temporary Water', '291.98', '148.08', 1),
(173, 'Voltsillam', '11-040 - Ecclesiastical Equipment', '741.69', '426.37', 1),
(174, 'Transcof', '2-782 - Brick Pavers', '145.60', '34.46', 1),
(175, 'Redhold', '1-600 - Product Requirements (Scope of Work)', '796.55', '986.77', 1),
(176, 'Sonsing', '9-400 - Terrazzo', '240.00', '222.32', 1),
(177, 'Duobam', '7-050 - Basic Thermal and Moisture Protection Materials and Methods', '530.79', '939.71', 1),
(178, 'Subin', '13-165 - Aquatic Park Facilities', '790.44', '721.21', 1),
(179, 'Voltsillam', '10-100 - Visual Display Boards', '497.46', '451.26', 1),
(180, 'Bigtax', '2-795 - Porous Paving', '373.60', '649.53', 1),
(181, 'Fix San', '7-400 - Roofing and Siding Panels', '710.50', '267.11', 1),
(182, 'Zamit', '14-800 - Scaffolding', '379.26', '464.89', 1),
(183, 'Cookley', '2-784 - Stone Unit Pavers', '815.31', '734.53', 1),
(184, 'Keylex', '2-784 - Stone Unit Pavers', '647.19', '603.08', 1),
(185, 'Stronghold', '1-000 - Purpose', '93.82', '874.37', 1),
(186, 'Namfix', '2-815 - Fountains', '738.88', '359.71', 1),
(187, 'Sonsing', '12-700 - Systems Furniture', '173.26', '61.74', 1),
(188, 'Bytecard', '5-500 - Metal Fabrications', '367.50', '962.09', 1),
(189, 'Keylex', '7-400 - Roofing and Siding Panels', '551.01', '928.15', 1),
(190, 'Prodder', '10-200 - Louvers and Vents', '788.91', '131.79', 1),
(191, 'Bigtax', '15-400 - Plumbing Fixtures and Equipment', '161.88', '449.22', 1),
(192, 'Tempsoft', '7-900 - Joint Sealers', '645.18', '192.90', 1),
(193, 'Konklab', '2-900 - Landscaping', '232.46', '812.57', 1),
(194, 'It', '14-500 - Material Handling', '549.37', '582.06', 1),
(195, 'Lotlux', '2-220 - Site Demolition', '43.04', '858.94', 1),
(196, 'Veribet', '10-270 - Access Flooring', '764.83', '726.56', 1),
(197, 'Flowdesk', '10-530 - Protective Covers', '544.51', '573.91', 1),
(198, 'Domainer', '13-700 - Security Access and Surveillance', '961.76', '163.47', 1),
(199, 'Stringtough', '5-100 - Structural Metals', '845.00', '136.94', 1),
(200, 'Konklux', '2-782 - Brick Pavers', '117.66', '396.79', 1),
(201, 'Pannier', '15-600 - Refrigeration Equipment', '773.25', '41.20', 1),
(202, 'Treeflex', '2-790 - Athletic Surfacing', '795.53', '290.50', 1),
(203, 'Hatity', '13-160 - Aquariums', '139.26', '987.55', 1),
(204, 'Stim', '9-400 - Terrazzo', '961.56', '517.73', 1),
(205, 'Bitwolf', '3-210 - Cast-In-Place Concrete', '992.05', '558.23', 1),
(206, 'Zathin', '10-240 - Grilles and Screens', '584.89', '968.65', 1),
(207, 'Mat Lam Tam', '2-900 - Landscaping', '337.78', '78.09', 1),
(208, 'Keylex', '10-520 - Fire Protection Specialties', '452.17', '739.10', 1),
(209, 'Flexidy', '11-130 - Audio-Visual Equipment', '892.67', '312.53', 1),
(210, 'Stim', '9-100 - Metal Support Assemblies', '6.45', '867.29', 1),
(211, 'Temp', '10-600 - Partitions', '512.88', '524.94', 1),
(212, 'Y-Solowarm', '13-550 - Transportation Control Instrumentation', '896.91', '453.13', 1),
(213, 'Viva', '10-750 - Telephone Specialties', '724.59', '977.72', 1),
(214, 'Toughjoyfax', '10-900 - Wardrobe and Closet Specialties', '327.08', '669.92', 1),
(215, 'Stringtough', '11-280 - Hydraulic Gates and Valves', '107.92', '438.51', 1),
(216, 'Daltfresh', '3 - Concrete', '898.93', '538.28', 1),
(217, 'Redhold', '7-200 - Thermal Protection - Insulation', '673.82', '954.16', 1),
(218, 'Alpha', '4-200 - Masonry Units', '648.06', '427.86', 1),
(219, 'Gembucket', '11-010 - Maintenance Equipment', '323.32', '995.30', 1),
(220, 'Overhold', '15-800 - Air Distribution', '787.26', '260.29', 1),
(221, 'Toughjoyfax', '2-770 - Curb and Gutters', '900.59', '964.30', 1),
(222, 'It', '11-090 - Checkroom Equipment', '454.84', '522.05', 1),
(223, 'Wrapsafe', '2-917 - Soil Preparation', '819.41', '547.81', 1),
(224, 'Tempsoft', '1-518 - Temporary Water', '162.97', '667.90', 1),
(225, 'Y-find', '1-510 - Temporary Utilities', '460.16', '215.86', 1),
(226, 'Bamity', '2-362 - Termite Control', '101.87', '357.21', 1),
(227, 'Tresom', '11-500 - Industrial and Process Equipment', '408.51', '4.02', 1),
(228, 'Alphazap', '1-700 - Execution Requirements', '647.13', '494.55', 1),
(229, 'Lotlux', '14-200 - Elevators', '797.30', '368.03', 1),
(230, 'Cookley', '10-880 - Scales', '194.37', '631.41', 1),
(231, 'Redhold', '2 - Site Construction', '629.17', '687.07', 1),
(232, 'Konklab', '2-540 - Septic Tank', '749.48', '166.58', 1),
(233, 'Konklab', '11-400 - Food Service Equipment', '713.69', '470.18', 1),
(234, 'Alphazap', '7-900 - Joint Sealers', '48.91', '335.80', 1),
(235, 'Y-find', '3-540 - Cementitious Underlayments', '550.04', '259.76', 1),
(236, 'Subin', '10 - Specialties', '264.44', '411.81', 1),
(237, 'Gembucket', '11-450 - Residential Equipment', '168.86', '206.26', 1),
(238, 'Sonair', '10-500 - Lockers', '217.54', '2.91', 1),
(239, 'Y-find', '5-100 - Structural Metals', '333.05', '529.64', 1),
(240, 'Bitwolf', '8-050 - Basic Door and Window Materials and Methods', '54.30', '486.11', 1),
(241, 'Toughjoyfax', '11-050 - Library Equipment', '781.34', '432.22', 1),
(242, 'Lotlux', '2-870 - Sculpture/Ornamental', '418.80', '436.97', 1),
(243, 'Cardguard', '13-110 - Cathodic Protection', '7.10', '928.02', 1),
(244, 'Zathin', '12-300 - Manufactured Casework', '794.80', '299.12', 1),
(245, 'Veribet', '2-000 - General', '13.03', '748.63', 1),
(246, 'Stronghold', '14-500 - Material Handling', '170.64', '507.80', 1),
(247, 'Stronghold', '1-518 - Temporary Water', '962.56', '928.20', 1),
(248, 'Alpha', '6-900 - Wood and Plastic Restoration and Cleaning', '662.56', '808.79', 1),
(249, 'Job', '2-815 - Fountains', '996.62', '724.73', 1),
(250, 'Stringtough', '15-050 - Basic Mechanical Materials and Methods', '875.46', '26.43', 1),
(251, 'Mat Lam Tam', '2-320 - Excavation and Fill', '506.75', '195.07', 1),
(252, 'Subin', '2-812 - Drip Irrigation', '425.08', '769.59', 1),
(253, 'Trippledex', '2-790 - Athletic Surfacing', '623.39', '55.96', 1),
(254, 'Cardguard', '10-500 - Lockers', '502.28', '376.11', 1),
(255, 'Greenlam', '1-518 - Temporary Water', '862.63', '56.07', 1),
(256, 'Daltfresh', '10-200 - Louvers and Vents', '650.54', '929.88', 1),
(257, 'Cardguard', '10-270 - Access Flooring', '186.05', '991.52', 1),
(258, 'Bitchip', '14-600 - Hoists and Cables', '94.90', '176.36', 1),
(259, 'Toughjoyfax', '13-280 - Hazardous Material Remediation', '395.61', '937.50', 1),
(260, 'Regrant', '17-040 - Profit', '727.82', '330.19', 1),
(261, 'Zathin', '7-900 - Joint Sealers', '172.22', '452.32', 1),
(262, 'Solarbreeze', '9-900 - Paints and Coatings', '533.65', '193.26', 1),
(263, 'Redhold', '12 - Furnishings', '147.87', '474.65', 1),
(264, 'Andalax', '2-780 - Clay Unit Pavers', '513.18', '962.93', 1),
(265, 'Bytecard', '4-700 - Simulated Masonry', '719.59', '49.77', 1),
(266, 'Span', '1-542 - Construction Scaffolding and Platforms', '512.95', '165.10', 1),
(267, 'Bitwolf', '13-550 - Transportation Control Instrumentation', '578.56', '192.56', 1),
(268, 'Fix San', '2-850 - Bridges/Footbridges', '307.83', '423.44', 1),
(269, 'Tres-Zap', '10-900 - Wardrobe and Closet Specialties', '30.69', '592.67', 1),
(270, 'Alpha', '10-750 - Telephone Specialties', '326.78', '356.51', 1),
(271, 'Sonsing', '14 - Conveying Systems', '645.55', '313.67', 1),
(272, 'Zontrax', '9-600 - Flooring', '798.87', '136.92', 1),
(273, 'Andalax', '2-740 - Flexible Pavement Asphalt Pavement', '962.28', '111.44', 1),
(274, 'Stringtough', '2-320 - Excavation and Fill', '940.90', '526.71', 1),
(275, 'Tin', '15 - Mechanical', '730.74', '793.13', 1),
(276, 'Zontrax', '11-780 - Mortuary Equipment', '479.46', '187.79', 1),
(277, 'Sonsing', '14 - Conveying Systems', '179.79', '750.50', 1),
(278, 'Tampflex', '16-100 - Electrical', '885.77', '822.87', 1),
(279, 'Daltfresh', '15-500 - Heat-Generation Equipment', '214.01', '122.42', 1),
(280, 'Zoolab', '2-825 - Wood Fences and Gates', '859.26', '995.58', 1),
(281, 'Tin', '5-300 - Metal Deck', '988.25', '381.64', 1),
(282, 'Tampflex', '9-700 - Wall Finishes', '34.24', '713.30', 1),
(283, 'Zoolab', '11-450 - Residential Equipment', '616.21', '667.18', 1),
(284, 'Keylex', '3-300 - Footings', '54.69', '540.57', 1),
(285, 'Bitwolf', '10-530 - Protective Covers', '436.92', '253.00', 1),
(286, 'Andalax', '5-800 - Expansion Control', '721.49', '492.07', 1),
(287, 'Y-Solowarm', '13-120 - Pre-Engineered Structures', '987.65', '14.27', 1),
(288, 'Otcom', '3-100 - Concrete Reinforcement', '902.43', '86.88', 1),
(289, 'Overhold', '17-040 - Profit', '511.06', '953.17', 1),
(290, 'Vagram', '1-740 - Cleaning', '397.74', '876.39', 1),
(291, 'Hatity', '5-600 - Hydraulic Fabrications', '877.93', '163.35', 1),
(292, 'Zamit', '13-185 - Kennels and Animal Shelters', '602.48', '857.00', 1),
(293, 'Rank', '11-050 - Library Equipment', '313.88', '828.57', 1),
(294, 'Temp', '7-700 - Roof Specialties and Accessories', '244.16', '306.56', 1),
(295, 'Andalax', '3-050 - Concrete Subcontractor', '892.12', '100.30', 1),
(296, 'Sub-Ex', '1-514 - Temporary Heating, Cooling and Ventilation', '276.98', '974.89', 1),
(297, 'Namfix', '6-500 - Structural Plastics', '505.84', '247.09', 1),
(298, 'Greenlam', '1-500 - Temporary Facilities and Controls', '345.22', '693.63', 1),
(299, 'Pannier', '6-100 - Rough Carpentry', '139.39', '809.58', 1),
(300, 'Duobam', '5-100 - Structural Metals', '682.97', '92.46', 1),
(301, 'Ronstring', '14 - Conveying Systems', '396.65', '560.23', 1),
(302, 'Konklab', '10-450 - Pedestrian Control Devices', '839.76', '307.80', 1),
(303, 'Rank', '10-100 - Visual Display Boards', '236.09', '63.62', 1),
(304, 'Trippledex', '10-500 - Lockers', '547.37', '555.10', 1),
(305, 'Regrant', '11-500 - Industrial and Process Equipment', '77.67', '426.03', 1),
(306, 'Rank', '11-130 - Audio-Visual Equipment', '312.45', '429.38', 1),
(307, 'Sonair', '13-400 - Measurement and Control Instrumentation', '896.53', '111.20', 1),
(308, 'Holdlamis', '3-330 - Poured Concrete Basement Walls', '163.69', '512.76', 1),
(309, 'Toughjoyfax', '11-120 - Vending Equipment', '682.99', '735.30', 1),
(310, 'Treeflex', '1-523 - Sanitary Facilities', '126.68', '752.48', 1),
(311, 'Flowdesk', '2-782 - Brick Pavers', '72.03', '186.89', 1),
(312, 'Bigtax', '13 - Special Construction', '78.17', '929.83', 1),
(313, 'Temp', '13-260 - Sludge Conditioning Systems', '660.31', '965.27', 1),
(314, 'Voltsillam', '8-300 - Specialty Doors', '977.47', '622.10', 1),
(315, 'Sonair', '13-700 - Security Access and Surveillance', '817.27', '113.12', 1),
(316, 'Alphazap', '11-200 - Water Supply and Treatment Equipment', '251.68', '868.33', 1),
(317, 'Span', '13-090 - Radiation Protection', '757.00', '323.81', 1),
(318, 'Daltfresh', '4-200 - Masonry Units', '908.42', '688.26', 1),
(319, 'Ronstring', '10-750 - Telephone Specialties', '299.42', '99.08', 1),
(320, 'Asoka', '5-700 - Ornamental Metal', '770.20', '769.15', 1),
(321, 'Temp', '11-780 - Mortuary Equipment', '76.55', '945.07', 1),
(322, 'Tampflex', '11-680 - Office Equipment', '191.49', '330.60', 1),
(323, 'Asoka', '11-090 - Checkroom Equipment', '765.78', '170.53', 1),
(324, 'Wrapsafe', '9-680 - Carpet', '382.56', '203.82', 1),
(325, 'Prodder', '4 - Masonry', '311.59', '327.85', 1),
(326, 'Stim', '7-700 - Roof Specialties and Accessories', '622.81', '321.04', 1),
(327, 'Biodex', '2-316 - Backfilling', '279.23', '793.81', 1),
(328, 'Span', '9-050 - Basic Finish Materials and Methods', '353.57', '451.05', 1),
(329, 'Biodex', '10-260 - Wall and Corner Guards', '925.23', '438.66', 1),
(330, 'Treeflex', '10-100 - Visual Display Boards', '41.12', '250.41', 1),
(331, 'Tresom', '10-450 - Pedestrian Control Devices', '969.90', '467.49', 1),
(332, 'Y-find', '11-050 - Library Equipment', '602.23', '944.60', 1),
(333, 'Bytecard', '3-310 - Expansion Joints', '709.86', '711.92', 1),
(334, 'Andalax', '1-013 - Project Coordinator', '870.50', '323.55', 1),
(335, 'Ventosanzap', '14-200 - Elevators', '372.92', '912.93', 1),
(336, 'Duobam', '1-760 - Protecting Installed Construction', '938.47', '900.04', 1),
(337, 'Lotlux', '1-903 - Hazardous Materials Abatement', '503.71', '246.76', 1),
(338, 'Trippledex', '11-500 - Industrial and Process Equipment', '123.42', '486.79', 1),
(339, 'Stringtough', '2-220 - Site Demolition', '262.80', '887.08', 1),
(340, 'Bamity', '16-800 - Sound and Video', '439.58', '948.58', 1),
(341, 'Subin', '2-312 - Rough Grading', '558.36', '968.71', 1),
(342, 'Bytecard', '2-813 - Lawn Sprinkling and Irrigation', '158.85', '397.93', 1),
(343, 'Holdlamis', '8-400 - Entrances and Storefronts', '637.53', '168.97', 1),
(344, 'Overhold', '13-900 - Fire Suppression', '10.03', '353.36', 1),
(345, 'Gembucket', '2-320 - Excavation and Fill', '251.64', '801.40', 1),
(346, 'Zoolab', '5-100 - Structural Metals', '765.59', '985.43', 1),
(347, 'Viva', '10-150 - Compartments and Cubicles', '584.93', '244.58', 1),
(348, 'Otcom', '2-320 - Excavation and Fill', '636.02', '948.94', 1),
(349, 'Redhold', '13-850 - Detection and Alarm', '30.29', '341.19', 1),
(350, 'Bigtax', '2-625 - Retaining Wall Drainage Piping', '1.68', '499.27', 1),
(351, 'Namfix', '8-200 - Wood and Plastic Doors', '756.42', '897.54', 1),
(352, 'Alphazap', '2-315 - Excavation', '696.79', '591.00', 1),
(353, 'Zathin', '10-250 - Service Walls', '366.47', '826.79', 1),
(354, 'Tresom', '10-200 - Louvers and Vents', '510.98', '303.58', 1),
(355, 'Stringtough', '13-200 - Storage Tanks', '606.28', '85.79', 1),
(356, 'Fix San', '7-600 - Flashing and Sheet Metal', '642.35', '101.21', 1),
(357, 'Y-Solowarm', '11-780 - Mortuary Equipment', '336.99', '446.62', 1),
(358, 'Fixflex', '11-700 - Medical Equipment', '200.09', '106.93', 1),
(359, 'Voyatouch', '2-936 - Fertilizer', '981.93', '736.02', 1),
(360, 'Y-find', '2-932 - PLants and Bulbs', '790.28', '596.94', 1),
(361, 'Zaam-Dox', '10-670 - Storage Shelving', '896.98', '522.02', 1),
(362, 'Toughjoyfax', '12-800 - Interior Plants and Planters', '548.32', '384.59', 1),
(363, 'Otcom', '2-870 - Sculpture/Ornamental', '372.87', '246.59', 1),
(364, 'Veribet', '15-800 - Air Distribution', '865.59', '84.21', 1),
(365, 'Tres-Zap', '10-700 - Exterior Protection', '560.35', '472.79', 1),
(366, 'Sonair', '4-600 - Corrosion-Resistant Masonry', '743.09', '293.55', 1),
(367, 'Tres-Zap', '10-700 - Exterior Protection', '240.14', '684.87', 1),
(368, 'Pannier', '7-500 - Membrane Roofing', '736.98', '301.93', 1),
(369, 'Y-Solowarm', '2-919 - Topsoil', '719.78', '348.53', 1),
(370, 'Fix San', '14-500 - Material Handling', '66.78', '476.13', 1),
(371, 'Tempsoft', '8-600 - Skylights', '848.46', '558.97', 1),
(372, 'Konklab', '1-011 - Project Engineer', '591.26', '370.48', 1),
(373, 'Tresom', '11-400 - Food Service Equipment', '58.34', '397.52', 1),
(374, 'Stim', '11-070 - Instrumental Equipment', '233.52', '458.48', 1),
(375, 'Mat Lam Tam', '11-140 - Vehicle Service Equipment', '105.97', '872.02', 1),
(376, 'Zontrax', '3-300 - Footings', '50.82', '441.06', 1),
(377, 'Tempsoft', '3-330 - Poured Concrete Basement Walls', '934.14', '833.10', 1),
(378, 'Greenlam', '2-812 - Drip Irrigation', '726.23', '977.85', 1),
(379, 'Tres-Zap', '16-050 - Basic Electrical Materials and Methods', '777.88', '181.03', 1),
(380, 'Rank', '1-517 - Temporary Telephone', '457.27', '177.68', 1),
(381, 'Cardify', '10-350 - Flagpoles', '264.65', '597.87', 1),
(382, 'Namfix', '15-400 - Plumbing Fixtures and Equipment', '971.93', '18.78', 1),
(383, 'Lotstring', '3-050 - Concrete Subcontractor', '208.43', '12.26', 1),
(384, 'Namfix', '2-750 - Concrete Pads and Walks', '695.62', '17.92', 1),
(385, 'Bamity', '6-600 - Plastic Fabrications', '983.92', '4.13', 1),
(386, 'Bigtax', '7 - Thermal and Moisture Protection', '230.00', '206.23', 1),
(387, 'Sonsing', '8-900 - Glazed Curtain Wall', '783.21', '633.56', 1),
(388, 'Wrapsafe', '13-110 - Cathodic Protection', '920.60', '23.03', 1),
(389, 'Overhold', '17-030 - Bond', '136.02', '464.34', 1),
(390, 'Veribet', '14-200 - Elevators', '986.31', '816.96', 1),
(391, 'Aerified', '9-250 - Gypsum Wallboard', '758.57', '813.97', 1),
(392, 'Greenlam', '17-040 - Profit', '205.90', '563.12', 1),
(393, 'Cookley', '2-821 - Chain Link Fences', '411.57', '772.95', 1),
(394, 'Lotstring', '11-080 - Registration Equipment', '324.46', '303.58', 1),
(395, 'Stringtough', '13-280 - Hazardous Material Remediation', '218.46', '787.93', 1),
(396, 'Tresom', '13-165 - Aquatic Park Facilities', '242.52', '120.26', 1),
(397, 'Hatity', '2-936 - Fertilizer', '828.40', '328.45', 1),
(398, 'Flexidy', '11-040 - Ecclesiastical Equipment', '455.75', '670.30', 1),
(399, 'Ronstring', '13-280 - Hazardous Material Remediation', '793.79', '111.90', 1),
(400, 'Greenlam', '2-850 - Bridges/Footbridges', '907.72', '127.18', 1),
(401, 'Quo Lux', '9-100 - Metal Support Assemblies', '291.88', '952.56', 1),
(402, 'Voltsillam', '1-517 - Temporary Telephone', '755.75', '339.54', 1),
(403, 'Tempsoft', '2-830 - Retaining Walls', '834.61', '499.71', 1),
(404, 'Fix San', '5 - Metals', '921.81', '429.72', 1),
(405, 'Prodder', '9-100 - Metal Support Assemblies', '656.59', '334.68', 1),
(406, 'Cardguard', '3-230 - Anchor Bolts', '244.42', '562.13', 1),
(407, 'Flowdesk', '11-660 - Observatory Equipment', '962.71', '234.46', 1),
(408, 'Hatity', '11-130 - Audio-Visual Equipment', '113.91', '227.16', 1),
(409, 'Tampflex', '1-570 - Temporary Controls', '633.31', '249.01', 1),
(410, 'Cookley', '13-010 - Air-Supported Structures', '836.00', '733.86', 1),
(411, 'Otcom', '1-640 - Owner Furnished Products', '70.60', '30.91', 1),
(412, 'Mat Lam Tam', '15-100 - Plumbing', '850.62', '469.76', 1),
(413, 'Tresom', '8-500 - Windows', '728.79', '802.37', 1),
(414, 'Bitchip', '3-210 - Cast-In-Place Concrete', '688.66', '434.92', 1),
(415, 'Treeflex', '11-050 - Library Equipment', '237.57', '488.68', 1),
(416, 'Mat Lam Tam', '5-500 - Metal Fabrications', '612.51', '309.62', 1),
(417, 'Fix San', '11-700 - Medical Equipment', '401.83', '568.59', 1),
(418, 'Zamit', '1-542 - Construction Scaffolding and Platforms', '935.48', '753.47', 1),
(419, 'Fixflex', '17-030 - Bond', '110.68', '378.26', 1),
(420, 'Y-Solowarm', '1-518 - Temporary Water', '755.75', '868.13', 1),
(421, 'Andalax', '2-790 - Athletic Surfacing', '514.15', '720.26', 1),
(422, 'Rank', '1-530 - Temporary Construction', '99.71', '884.40', 1),
(423, 'Cookley', '1-630 - Product Substitution Procedures', '611.59', '912.68', 1),
(424, 'Aerified', '15-700 - Heating, Venting and Air Conditioning', '339.28', '152.37', 1),
(425, 'Zontrax', '2-915 - Mulch', '820.89', '494.86', 1),
(426, 'Y-find', '2-220 - Site Demolition', '11.12', '126.74', 1),
(427, 'Trippledex', '13-220 - Filter Underdrains and Media', '472.81', '615.96', 1),
(428, 'Tresom', '3-330 - Poured Concrete Basement Walls', '474.74', '374.87', 1),
(429, 'Temp', '11-700 - Medical Equipment', '843.43', '856.29', 1),
(430, 'Fix San', '2-917 - Soil Preparation', '441.94', '841.80', 1),
(431, 'Stronghold', '2-821 - Chain Link Fences', '569.48', '768.33', 1),
(432, 'Latlux', '11-130 - Audio-Visual Equipment', '299.52', '137.02', 1),
(433, 'Greenlam', '6-200 - Finish Carpentry', '770.30', '581.83', 1),
(434, 'Kanlam', '12-800 - Interior Plants and Planters', '77.86', '97.29', 1),
(435, 'Stim', '3-500 - Cementitious Decks and Underlayments', '698.01', '140.83', 1),
(436, 'Keylex', '10-820 - Bathroom Accessories', '438.75', '38.15', 1),
(437, 'Cookley', '9-500 - Ceilings', '900.97', '549.66', 1),
(438, 'Stronghold', '1-012 - Superintendent', '322.97', '286.18', 1),
(439, 'Lotlux', '10-200 - Louvers and Vents', '972.73', '479.83', 1),
(440, 'Konklab', '14-100 - Dumbwaiters', '587.98', '968.43', 1),
(441, 'Temp', '1-740 - Cleaning', '518.66', '339.81', 1),
(442, 'Lotlux', '13-175 - Ice Rinks', '490.44', '662.15', 1),
(443, 'Andalax', '9-680 - Carpet', '865.72', '938.43', 1),
(444, 'Lotlux', '10-450 - Pedestrian Control Devices', '365.51', '359.20', 1),
(445, 'Andalax', '2-782 - Brick Pavers', '407.07', '350.63', 1),
(446, 'Sonsing', '2-932 - PLants and Bulbs', '403.49', '65.56', 1),
(447, 'Y-find', '10-100 - Visual Display Boards', '253.05', '398.62', 1),
(448, 'Namfix', '6-600 - Plastic Fabrications', '205.99', '680.37', 1),
(449, 'Aerified', '7-500 - Membrane Roofing', '355.30', '54.22', 1),
(450, 'Keylex', '11-870 - Agricultural Equipment', '557.39', '278.28', 1),
(451, 'Tampflex', '7-600 - Flashing and Sheet Metal', '825.04', '612.63', 1),
(452, 'Quo Lux', '2-821 - Chain Link Fences', '709.50', '927.45', 1),
(453, 'Ronstring', '3-300 - Footings', '89.24', '152.67', 1),
(454, 'Domainer', '14-500 - Material Handling', '199.06', '882.62', 1),
(455, 'Latlux', '6-050 - Basic Wood and Plastic Materials and Methods', '111.68', '979.47', 1),
(456, 'Bigtax', '12-100 - Art', '487.55', '248.79', 1),
(457, 'Mat Lam Tam', '6-500 - Structural Plastics', '674.09', '967.98', 1),
(458, 'Overhold', '9-500 - Ceilings', '797.00', '789.16', 1),
(459, 'Flowdesk', '7-300 - Shingles, Roof Tiles, and Roof Coverings', '665.13', '190.05', 1),
(460, 'Alpha', '15-300 - Fire Protection Piping', '541.81', '23.15', 1),
(461, 'Bamity', '15-600 - Refrigeration Equipment', '34.82', '56.14', 1),
(462, 'Alphazap', '11-170 - Solid Waste Handling Equipment', '187.54', '452.21', 1),
(463, 'Flexidy', '12-800 - Interior Plants and Planters', '96.31', '211.31', 1),
(464, 'It', '3-400 - Precast Concrete', '158.77', '328.32', 1),
(465, 'Lotlux', '10-400 - Identification Devices', '412.99', '649.37', 1),
(466, 'Alpha', '13-240 - Oxygenation Systems', '72.43', '936.63', 1),
(467, 'Stim', '10-670 - Storage Shelving', '335.60', '621.87', 1),
(468, 'Ventosanzap', '16-700 - Communications', '322.68', '968.14', 1),
(469, 'Y-Solowarm', '2-240 - Dewatering', '780.62', '945.22', 1),
(470, 'Otcom', '4-800 - Masonry Assemblies', '107.10', '726.71', 1),
(471, 'Bigtax', '2-230 - Site Clearing', '570.38', '278.29', 1),
(472, 'Zaam-Dox', '11-150 - Parking Control Equipment', '418.73', '662.00', 1),
(473, 'Fintone', '8-900 - Glazed Curtain Wall', '356.53', '34.95', 1),
(474, 'Andalax', '2-917 - Soil Preparation', '108.45', '945.92', 1),
(475, 'Gembucket', '17-030 - Bond', '597.26', '428.74', 1),
(476, 'Asoka', '4-800 - Masonry Assemblies', '623.02', '148.85', 1),
(477, 'Bitchip', '13-850 - Detection and Alarm', '964.01', '178.58', 1),
(478, 'Alpha', '2-919 - Topsoil', '473.31', '915.31', 1),
(479, 'Fix San', '5 - Metals', '714.02', '882.37', 1),
(480, 'Konklab', '2-830 - Retaining Walls', '609.95', '960.14', 1),
(481, 'Y-find', '9 - Finishes', '511.66', '961.97', 1),
(482, 'Flowdesk', '2-316 - Backfilling', '315.51', '60.59', 1),
(483, 'Bitwolf', '7-400 - Roofing and Siding Panels', '298.09', '810.61', 1),
(484, 'Aerified', '11-460 - Unit Kitchens', '171.42', '900.88', 1),
(485, 'Sonsing', '11-850 - Navigation Equipment', '851.66', '523.75', 1),
(486, 'Sub-Ex', '8-200 - Wood and Plastic Doors', '940.90', '235.51', 1),
(487, 'Solarbreeze', '13-090 - Radiation Protection', '217.79', '540.87', 1),
(488, 'Span', '4-200 - Masonry Units', '697.91', '746.06', 1),
(489, 'Wrapsafe', '9-250 - Gypsum Wallboard', '898.03', '222.62', 1),
(490, 'Gembucket', '1-000 - Purpose', '40.58', '738.48', 1),
(491, 'Zontrax', '3-400 - Precast Concrete', '671.69', '967.99', 1),
(492, 'Alpha', '11-480 - Athletic, Recreational, and Therapeutic Equipment', '930.86', '671.67', 1),
(493, 'Zontrax', '6 - Wood and Plastics', '45.96', '44.34', 1),
(494, 'Bamity', '11-070 - Instrumental Equipment', '761.31', '133.62', 1),
(495, 'Flexidy', '13-200 - Storage Tanks', '984.08', '969.50', 1),
(496, 'Tin', '8-400 - Entrances and Storefronts', '232.65', '929.02', 1),
(497, 'Matsoft', '11-160 - Loading Dock Equipment', '569.51', '796.58', 1),
(498, 'Trippledex', '14-600 - Hoists and Cables', '562.06', '470.85', 1),
(499, 'Redhold', '3-230 - Anchor Bolts', '16.99', '333.12', 1),
(500, 'Bamity', '11-450 - Residential Equipment', '743.40', '438.55', 1),
(501, 'Greenlam', '2-250 - Shoring and Underpinning', '477.73', '505.53', 1),
(502, 'Mat Lam Tam', '10-260 - Wall and Corner Guards', '519.67', '258.55', 1),
(503, 'Voyatouch', '3-600 - Grouts', '701.43', '908.26', 1),
(504, 'Solarbreeze', '3-320 - Slab Foundations', '201.31', '185.86', 1),
(505, 'Zaam-Dox', '11-040 - Ecclesiastical Equipment', '990.95', '7.30', 1),
(506, 'Trippledex', '14-500 - Material Handling', '78.39', '570.73', 1),
(507, 'Biodex', '13-500 - Recording Instrumentation', '205.85', '297.02', 1),
(508, 'Alphazap', '10-500 - Lockers', '458.44', '840.73', 1),
(509, 'Tempsoft', '14-300 - Escalators and Moving Walks', '287.88', '973.79', 1),
(510, 'Lotlux', '11-900 - Exhibit Equipment', '939.82', '729.88', 1),
(511, 'Sub-Ex', '1-012 - Superintendent', '901.45', '249.37', 1),
(512, 'Overhold', '14 - Conveying Systems', '706.81', '959.87', 1),
(513, 'Keylex', '2-924 - Sodding', '154.06', '723.68', 1),
(514, 'Fintone', '4-500 - Refractories', '635.42', '461.60', 1),
(515, 'Zamit', '14 - Conveying Systems', '249.28', '784.00', 1),
(516, 'It', '1-560 - Temporary Barriers and Enclosures', '389.51', '22.48', 1),
(517, 'Konklux', '1-000 - Purpose', '494.34', '467.85', 1),
(518, 'Latlux', '2-621 - Foundatation Drainage Piping', '66.16', '979.73', 1),
(519, 'Job', '9-250 - Gypsum Wallboard', '140.26', '47.38', 1),
(520, 'Pannier', '10-250 - Service Walls', '931.90', '628.78', 1),
(521, 'Gembucket', '11-160 - Loading Dock Equipment', '949.25', '403.24', 1),
(522, 'Tres-Zap', '16 - Electrical', '690.71', '249.79', 1),
(523, 'Bitwolf', '16-400 - Low-Voltage Distribution', '414.08', '609.06', 1),
(524, 'Zontrax', '2-316 - Backfilling', '349.28', '351.25', 1),
(525, 'Andalax', '9-800 - Acoustical Treatment', '685.48', '835.92', 1),
(526, 'Y-find', '2-784 - Stone Unit Pavers', '428.96', '951.01', 1),
(527, 'Stronghold', '1-517 - Temporary Telephone', '892.93', '243.86', 1),
(528, 'Lotstring', '5-300 - Metal Deck', '382.96', '752.21', 1),
(529, 'Quo Lux', '3-540 - Cementitious Underlayments', '838.85', '774.18', 1),
(530, 'Bytecard', '11-030 - Teller and Service Equipment', '151.84', '247.25', 1),
(531, 'Namfix', '9-800 - Acoustical Treatment', '941.92', '8.79', 1),
(532, 'Domainer', '5 - Metals', '49.40', '431.88', 1),
(533, 'Redhold', '3-230 - Anchor Bolts', '51.84', '62.43', 1),
(534, 'Sonair', '13-850 - Detection and Alarm', '958.69', '906.83', 1),
(535, 'Trippledex', '13-150 - Swimming Pools', '838.33', '5.60', 1),
(536, 'Fixflex', '10-700 - Exterior Protection', '843.32', '87.55', 1),
(537, 'Tres-Zap', '6-100 - Rough Carpentry', '880.19', '728.74', 1),
(538, 'Lotstring', '11-280 - Hydraulic Gates and Valves', '745.07', '367.41', 1),
(539, 'Y-find', '1-630 - Product Substitution Procedures', '173.89', '737.68', 1),
(540, 'Cardguard', '2-310 - Grading', '205.35', '682.01', 1),
(541, 'Bamity', '16-100 - Electrical', '662.24', '161.02', 1),
(542, 'Trippledex', '17-030 - Bond', '642.15', '103.24', 1),
(543, 'Otcom', '10-530 - Protective Covers', '501.84', '280.74', 1),
(544, 'Flowdesk', '5-300 - Metal Deck', '2.63', '40.59', 1),
(545, 'Konklab', '1 - General Requirements', '516.06', '267.98', 1),
(546, 'Y-find', '11-170 - Solid Waste Handling Equipment', '328.21', '899.47', 1),
(547, 'Latlux', '1-014 - Project Executive', '950.68', '777.14', 1),
(548, 'Ventosanzap', '10-350 - Flagpoles', '700.12', '356.64', 1),
(549, 'Quo Lux', '2-923 - Seeding and Soil Supplements', '652.07', '558.59', 1),
(550, 'Keylex', '1-530 - Temporary Construction', '290.89', '405.71', 1),
(551, 'Sonair', '3-000 - General', '364.19', '474.86', 1),
(552, 'Alpha', '2-317 - Select Borrow', '322.42', '742.27', 1),
(553, 'Wrapsafe', '3-000 - General', '377.93', '723.79', 1),
(554, 'It', '12 - Furnishings', '241.68', '899.47', 1),
(555, 'Alpha', '8-050 - Basic Door and Window Materials and Methods', '368.61', '309.67', 1),
(556, 'Ronstring', '2 - Site Construction', '915.98', '481.38', 1),
(557, 'Y-find', '10-450 - Pedestrian Control Devices', '205.82', '229.68', 1),
(558, 'Holdlamis', '1-000 - Purpose', '340.31', '614.57', 1),
(559, 'Keylex', '14-900 - Transportation', '113.68', '217.65', 1),
(560, 'Pannier', '1-530 - Temporary Construction', '444.22', '880.41', 1),
(561, 'Tresom', '10-450 - Pedestrian Control Devices', '713.58', '199.16', 1),
(562, 'Voyatouch', '1 - General Requirements', '95.61', '317.40', 1),
(563, 'Ronstring', '7-300 - Shingles, Roof Tiles, and Roof Coverings', '674.48', '271.27', 1),
(564, 'Home Ing', '2-915 - Mulch', '928.07', '919.80', 1),
(565, 'Prodder', '2-625 - Retaining Wall Drainage Piping', '93.40', '401.07', 1),
(566, 'Temp', '8-800 - Glazing', '513.68', '837.93', 1),
(567, 'Domainer', '2-250 - Shoring and Underpinning', '236.00', '905.94', 1),
(568, 'Trippledex', '3-050 - Concrete Subcontractor', '361.30', '602.91', 1),
(569, 'Aerified', '7-400 - Roofing and Siding Panels', '655.46', '667.91', 1),
(570, 'Voyatouch', '2-790 - Athletic Surfacing', '149.30', '563.71', 1),
(571, 'Bamity', '13-260 - Sludge Conditioning Systems', '170.04', '264.08', 1),
(572, 'Vagram', '1-540 - Construction Aids', '726.50', '417.46', 1),
(573, 'Bamity', '16-700 - Communications', '279.78', '521.57', 1),
(574, 'Tres-Zap', '9-800 - Acoustical Treatment', '647.81', '828.24', 1),
(575, 'Fixflex', '2-821 - Chain Link Fences', '766.89', '147.23', 1),
(576, 'Lotlux', '11-470 - Darkroom Equipment', '990.09', '721.21', 1),
(577, 'Flowdesk', '2-824 - Wire Fences and Gates', '681.86', '37.41', 1),
(578, 'Asoka', '1-740 - Cleaning', '79.11', '133.12', 1),
(579, 'Tres-Zap', '2 - Site Construction', '567.04', '430.39', 1),
(580, 'Cardify', '14-400 - Lifts', '601.21', '120.24', 1),
(581, 'Quo Lux', '11-030 - Teller and Service Equipment', '873.07', '917.79', 1),
(582, 'Holdlamis', '10-340 - Manufactured Exterior Specialties', '837.03', '579.77', 1),
(583, 'Mat Lam Tam', '1-520 - Construction Facilities', '697.20', '42.58', 1),
(584, 'Zamit', '4-200 - Masonry Units', '702.06', '124.19', 1),
(585, 'Job', '15-200 - Process Piping', '692.94', '868.81', 1),
(586, 'Rank', '6-500 - Structural Plastics', '397.04', '117.95', 1),
(587, 'Wrapsafe', '2-312 - Rough Grading', '137.03', '496.61', 1),
(588, 'Treeflex', '4-050 - Basic Masonry Materials and Methods', '368.96', '854.88', 1),
(589, 'Redhold', '11-190 - Detention Equipment', '953.91', '835.87', 1),
(590, 'Holdlamis', '11-500 - Industrial and Process Equipment', '771.59', '15.45', 1),
(591, 'Hatity', '3-330 - Poured Concrete Basement Walls', '331.05', '965.46', 1),
(592, 'Flexidy', '2-780 - Clay Unit Pavers', '431.27', '54.44', 1),
(593, 'Voltsillam', '11-470 - Darkroom Equipment', '65.01', '129.29', 1),
(594, 'Hatity', '15-400 - Plumbing Fixtures and Equipment', '64.55', '946.21', 1),
(595, 'Toughjoyfax', '2-311 - Final Grading', '973.62', '503.03', 1),
(596, 'Tres-Zap', '10-290 - Pest Control', '555.51', '880.95', 1),
(597, 'Namfix', '11-660 - Observatory Equipment', '273.74', '414.69', 1),
(598, 'Hatity', '2-930 - Exterior Plants', '452.14', '500.70', 1),
(599, 'Voltsillam', '1-002 - Instructions', '83.41', '547.47', 1),
(600, 'Konklux', '17-020 - Insurance', '549.93', '235.17', 1),
(601, 'Veribet', '11-660 - Observatory Equipment', '204.40', '747.59', 1),
(602, 'Alphazap', '8-800 - Glazing', '496.73', '240.98', 1),
(603, 'Ronstring', '11-090 - Checkroom Equipment', '322.43', '522.46', 1),
(604, 'Tin', '13-700 - Security Access and Surveillance', '29.51', '110.13', 1),
(605, 'Vagram', '13-230 - Digester Covers and Appurtenances', '271.85', '46.67', 1),
(606, 'It', '15-050 - Basic Mechanical Materials and Methods', '43.67', '878.13', 1),
(607, 'Latlux', '2-830 - Retaining Walls', '909.18', '359.05', 1),
(608, 'Bigtax', '7-900 - Joint Sealers', '662.47', '315.59', 1),
(609, 'Wrapsafe', '4-200 - Masonry Units', '372.69', '450.66', 1),
(610, 'Rank', '2-824 - Wire Fences and Gates', '748.90', '88.60', 1),
(611, 'Sub-Ex', '2-820 - Fences and Gates', '543.10', '705.72', 1),
(612, 'Sub-Ex', '16 - Electrical', '4.17', '626.06', 1),
(613, 'Ventosanzap', '7-400 - Roofing and Siding Panels', '289.22', '494.30', 1),
(614, 'Span', '11-460 - Unit Kitchens', '97.60', '501.96', 1),
(615, 'Ronstring', '9-900 - Paints and Coatings', '40.06', '546.18', 1),
(616, 'Bigtax', '11-040 - Ecclesiastical Equipment', '11.39', '84.74', 1),
(617, 'Konklab', '15-800 - Air Distribution', '198.08', '980.64', 1),
(618, 'Kanlam', '13-175 - Ice Rinks', '159.65', '725.59', 1),
(619, 'Holdlamis', '13-020 - Building Modules', '775.02', '830.49', 1),
(620, 'Home Ing', '8-400 - Entrances and Storefronts', '921.66', '826.80', 1),
(621, 'Aerified', '1-500 - Temporary Facilities and Controls', '410.38', '772.97', 1),
(622, 'Voyatouch', '7-600 - Flashing and Sheet Metal', '466.06', '959.68', 1),
(623, 'Zathin', '4-700 - Simulated Masonry', '459.84', '779.33', 1),
(624, 'Tempsoft', '16-700 - Communications', '192.62', '290.08', 1),
(625, 'Zaam-Dox', '7-900 - Joint Sealers', '759.70', '608.94', 1),
(626, 'Daltfresh', '11-680 - Office Equipment', '384.19', '812.16', 1),
(627, 'Sonair', '3-350 - Concrete Finishing', '117.12', '868.50', 1),
(628, 'Quo Lux', '14 - Conveying Systems', '318.14', '644.86', 1),
(629, 'Zamit', '6-400 - Architectural Woodwork', '340.28', '467.20', 1),
(630, 'Zontrax', '11-140 - Vehicle Service Equipment', '34.95', '560.89', 1),
(631, 'Prodder', '13-240 - Oxygenation Systems', '989.50', '258.98', 1),
(632, 'Alphazap', '16-100 - Electrical', '718.38', '4.30', 1),
(633, 'Tin', '8-400 - Entrances and Storefronts', '179.05', '630.48', 1),
(634, 'Konklux', '11-680 - Office Equipment', '958.69', '27.23', 1),
(635, 'Y-find', '6 - Wood and Plastics', '813.12', '615.33', 1),
(636, 'Cookley', '2-311 - Final Grading', '661.39', '773.87', 1),
(637, 'Alpha', '7-800 - Fire and Smoke Protection', '574.43', '151.16', 1),
(638, 'Toughjoyfax', '11-650 - Planetarium Equipment', '668.27', '245.38', 1),
(639, 'Gembucket', '12-600 - Multiple Seating', '440.06', '535.50', 1),
(640, 'Bitwolf', '11 - Equipment', '883.74', '103.69', 1),
(641, 'Keylex', '9-680 - Carpet', '439.79', '972.03', 1),
(642, 'Fix San', '2-812 - Drip Irrigation', '667.90', '450.37', 1),
(643, 'Pannier', '2-230 - Site Clearing', '438.11', '61.82', 1),
(644, 'Viva', '6-600 - Plastic Fabrications', '15.60', '476.48', 1),
(645, 'Span', '7-600 - Flashing and Sheet Metal', '148.35', '517.13', 1),
(646, 'Sonsing', '10-270 - Access Flooring', '87.26', '191.77', 1),
(647, 'Y-find', '15-300 - Fire Protection Piping', '17.07', '864.01', 1),
(648, 'Cardguard', '13-080 - Sound, Vibration, and Seismic Control', '297.59', '170.29', 1),
(649, 'Ronstring', '10-500 - Lockers', '568.29', '450.22', 1),
(650, 'Pannier', '13-100 - Lightning Protection', '43.37', '28.17', 1),
(651, 'Fintone', '10-290 - Pest Control', '965.05', '462.70', 1),
(652, 'Domainer', '13-400 - Measurement and Control Instrumentation', '630.62', '913.04', 1),
(653, 'Cookley', '5-700 - Ornamental Metal', '896.07', '240.91', 1),
(654, 'Stim', '2-312 - Rough Grading', '807.17', '446.02', 1),
(655, 'Tampflex', '10 - Specialties', '890.50', '245.73', 1),
(656, 'It', '13-190 - Site-Constructed Incinerators', '50.43', '721.30', 1),
(657, 'Latlux', '16 - Electrical', '219.86', '204.02', 1),
(658, 'Pannier', '3-100 - Concrete Reinforcement', '416.77', '543.37', 1),
(659, 'Duobam', '15-900 - HVAC Instruments and Controls', '736.85', '511.14', 1),
(660, 'Lotlux', '1-518 - Temporary Water', '7.35', '626.51', 1),
(661, 'Veribet', '2-362 - Termite Control', '497.18', '213.94', 1),
(662, 'Fixflex', '11-870 - Agricultural Equipment', '899.04', '907.37', 1),
(663, 'Stronghold', '13-220 - Filter Underdrains and Media', '26.97', '13.97', 1),
(664, 'Redhold', '13-800 - Building Automation and Control', '349.82', '957.56', 1),
(665, 'Bitchip', '11-100 - Mercantile Equipment', '429.38', '186.81', 1),
(666, 'Prodder', '3-400 - Precast Concrete', '839.33', '18.18', 1),
(667, 'Lotstring', '13-080 - Sound, Vibration, and Seismic Control', '513.64', '962.92', 1),
(668, 'Keylex', '10-340 - Manufactured Exterior Specialties', '405.98', '863.02', 1),
(669, 'Sonsing', '2-250 - Shoring and Underpinning', '419.27', '616.07', 1),
(670, 'Biodex', '7-200 - Thermal Protection - Insulation', '51.09', '529.89', 1),
(671, 'Biodex', '13-600 - Solar and Wind Energy Equipment', '961.83', '633.55', 1),
(672, 'Redhold', '15 - Mechanical', '466.26', '193.15', 1),
(673, 'Bamity', '10-530 - Protective Covers', '608.83', '957.58', 1),
(674, 'Lotlux', '14 - Conveying Systems', '236.44', '696.62', 1),
(675, 'Lotlux', '11-680 - Office Equipment', '793.57', '996.26', 1),
(676, 'Opela', '2-240 - Dewatering', '250.77', '86.26', 1),
(677, 'Bigtax', '11-190 - Detention Equipment', '204.22', '968.60', 1),
(678, 'Andalax', '2-823 - PVC Fences and Gates', '581.68', '924.18', 1),
(679, 'Regrant', '14-300 - Escalators and Moving Walks', '63.70', '442.38', 1),
(680, 'Viva', '2-310 - Grading', '667.17', '724.15', 1),
(681, 'Trippledex', '2-782 - Brick Pavers', '131.22', '328.15', 1),
(682, 'Sonsing', '11-700 - Medical Equipment', '943.57', '587.92', 1),
(683, 'Trippledex', '9-600 - Flooring', '434.09', '360.28', 1),
(684, 'Subin', '3-100 - Concrete Reinforcement', '229.88', '125.86', 1),
(685, 'Aerified', '1-002 - Instructions', '296.03', '767.18', 1),
(686, 'Pannier', '11-450 - Residential Equipment', '172.76', '779.82', 1),
(687, 'Lotlux', '11-870 - Agricultural Equipment', '291.30', '613.86', 1),
(688, 'Sonair', '7-300 - Shingles, Roof Tiles, and Roof Coverings', '901.75', '586.80', 1),
(689, 'Job', '13 - Special Construction', '743.82', '887.81', 1),
(690, 'Greenlam', '13-800 - Building Automation and Control', '29.69', '65.16', 1),
(691, 'Stim', '2-930 - Exterior Plants', '21.84', '873.13', 1),
(692, 'Quo Lux', '8-400 - Entrances and Storefronts', '632.09', '647.95', 1),
(693, 'Alphazap', '2-824 - Wire Fences and Gates', '38.98', '253.84', 1),
(694, 'Domainer', '11-170 - Solid Waste Handling Equipment', '9.21', '547.99', 1),
(695, 'Fixflex', '16-800 - Sound and Video', '921.16', '487.27', 1),
(696, 'Ventosanzap', '9-300 - Tile', '150.09', '294.41', 1),
(697, 'Flexidy', '12 - Furnishings', '591.44', '601.31', 1),
(698, 'Y-find', '11-470 - Darkroom Equipment', '393.29', '573.51', 1),
(699, 'Fintone', '12-050 - Fabrics', '710.80', '307.17', 1),
(700, 'Flowdesk', '3-540 - Cementitious Underlayments', '460.39', '927.50', 1),
(701, 'Opela', '13-550 - Transportation Control Instrumentation', '123.97', '415.83', 1),
(702, 'Home Ing', '11-780 - Mortuary Equipment', '171.20', '915.17', 1),
(703, 'Treeflex', '17-020 - Insurance', '239.45', '400.20', 1),
(704, 'Flowdesk', '10-550 - Postal Specialties', '232.60', '369.55', 1),
(705, 'Viva', '2-813 - Lawn Sprinkling and Irrigation', '38.85', '410.45', 1),
(706, 'Trippledex', '3-330 - Poured Concrete Basement Walls', '323.94', '946.44', 1),
(707, 'Voltsillam', '1-560 - Temporary Barriers and Enclosures', '471.13', '459.90', 1),
(708, 'Viva', '9-100 - Metal Support Assemblies', '322.93', '634.77', 1),
(709, 'Sub-Ex', '2-621 - Foundatation Drainage Piping', '686.35', '819.59', 1),
(710, 'Rank', '2-311 - Final Grading', '986.78', '106.06', 1),
(711, 'Span', '2-870 - Sculpture/Ornamental', '342.80', '416.04', 1),
(712, 'Cardguard', '16-400 - Low-Voltage Distribution', '262.78', '362.26', 1),
(713, 'Pannier', '2-621 - Foundatation Drainage Piping', '799.60', '882.73', 1),
(714, 'Home Ing', '12-600 - Multiple Seating', '591.48', '881.35', 1),
(715, 'Job', '11-160 - Loading Dock Equipment', '107.81', '761.82', 1),
(716, 'Mat Lam Tam', '11-140 - Vehicle Service Equipment', '293.97', '687.25', 1),
(717, 'Tresom', '11-070 - Instrumental Equipment', '792.94', '777.47', 1),
(718, 'Overhold', '2-781 - Asphalt Pavers', '986.40', '291.62', 1),
(719, 'Stim', '12-400 - Furnishings and Accessories', '566.51', '624.98', 1),
(720, 'Gembucket', '13-500 - Recording Instrumentation', '95.55', '528.92', 1);
INSERT INTO `articles` (`id`, `name`, `description`, `purchase_price`, `selling_price`, `is_active`) VALUES
(721, 'Daltfresh', '15-400 - Plumbing Fixtures and Equipment', '588.38', '489.57', 1),
(722, 'Kanlam', '13-120 - Pre-Engineered Structures', '334.20', '277.98', 1),
(723, 'Wrapsafe', '15-600 - Refrigeration Equipment', '209.06', '56.52', 1),
(724, 'Flowdesk', '2-915 - Mulch', '372.53', '828.01', 1),
(725, 'Mat Lam Tam', '3-320 - Slab Foundations', '502.64', '586.25', 1),
(726, 'Pannier', '5-300 - Metal Deck', '761.05', '589.20', 1),
(727, 'Pannier', '10-450 - Pedestrian Control Devices', '851.60', '730.47', 1),
(728, 'Voyatouch', '10-270 - Access Flooring', '176.09', '784.37', 1),
(729, 'Hatity', '1-012 - Superintendent', '366.39', '660.27', 1),
(730, 'Prodder', '2-316 - Backfilling', '665.00', '43.07', 1),
(731, 'Sonsing', '17-040 - Profit', '789.25', '784.59', 1),
(732, 'Voltsillam', '8-800 - Glazing', '720.48', '146.87', 1),
(733, 'Stringtough', '16-300 - Transmission and Distribution', '790.61', '633.95', 1),
(734, 'Sonsing', '11-650 - Planetarium Equipment', '308.30', '361.16', 1),
(735, 'Sub-Ex', '16-050 - Basic Electrical Materials and Methods', '381.43', '805.43', 1),
(736, 'Wrapsafe', '11-150 - Parking Control Equipment', '410.30', '334.45', 1),
(737, 'Sonsing', '14-800 - Scaffolding', '268.28', '806.91', 1),
(738, 'Sonair', '11-450 - Residential Equipment', '620.45', '434.54', 1),
(739, 'Zathin', '5-900 - Metal Restoration and Cleaning', '402.24', '799.24', 1),
(740, 'Asoka', '13-500 - Recording Instrumentation', '947.89', '316.00', 1),
(741, 'Stim', '1-002 - Instructions', '625.12', '810.28', 1),
(742, 'Biodex', '10-400 - Identification Devices', '137.54', '606.77', 1),
(743, 'Viva', '15-200 - Process Piping', '671.15', '573.44', 1),
(744, 'Lotlux', '1-518 - Temporary Water', '325.84', '365.79', 1),
(745, 'Ventosanzap', '2-800 - Site Amenities', '110.93', '609.46', 1),
(746, 'Vagram', '9-700 - Wall Finishes', '748.71', '664.68', 1),
(747, 'Trippledex', '1-760 - Protecting Installed Construction', '6.34', '326.89', 1),
(748, 'Zaam-Dox', '13-010 - Air-Supported Structures', '546.20', '290.94', 1),
(749, 'Domainer', '2-790 - Athletic Surfacing', '39.91', '314.38', 1),
(750, 'Holdlamis', '13-165 - Aquatic Park Facilities', '258.42', '734.84', 1),
(751, 'Y-find', '11-040 - Ecclesiastical Equipment', '233.47', '991.05', 1),
(752, 'Namfix', '12-400 - Furnishings and Accessories', '44.87', '679.35', 1),
(753, 'Temp', '14-300 - Escalators and Moving Walks', '137.04', '426.71', 1),
(754, 'Andalax', '1-700 - Execution Requirements', '396.93', '995.45', 1),
(755, 'Daltfresh', '12-400 - Furnishings and Accessories', '195.50', '497.11', 1),
(756, 'Redhold', '1 - General Requirements', '895.67', '28.86', 1),
(757, 'Stim', '2-917 - Soil Preparation', '876.93', '725.57', 1),
(758, 'Holdlamis', '1-580 - Project Identification', '929.52', '504.15', 1),
(759, 'Sonair', '8-700 - Hardware', '293.32', '947.80', 1),
(760, 'Overhold', '17 - Markup and Contingency', '301.78', '985.50', 1),
(761, 'Job', '12-600 - Multiple Seating', '330.67', '888.57', 1),
(762, 'Konklab', '5-700 - Ornamental Metal', '493.68', '24.31', 1),
(763, 'Zontrax', '5 - Metals', '935.66', '86.19', 1),
(764, 'Redhold', '2-770 - Curb and Gutters', '312.95', '276.67', 1),
(765, 'Keylex', '11-900 - Exhibit Equipment', '431.39', '645.20', 1),
(766, 'Daltfresh', '10-300 - Fireplaces and Stoves', '625.42', '114.01', 1),
(767, 'Gembucket', '11-280 - Hydraulic Gates and Valves', '548.95', '691.02', 1),
(768, 'Tres-Zap', '11-170 - Solid Waste Handling Equipment', '60.11', '699.32', 1),
(769, 'Trippledex', '2-784 - Stone Unit Pavers', '525.18', '753.05', 1),
(770, 'Bamity', '2-821 - Chain Link Fences', '956.68', '14.73', 1),
(771, 'Regrant', '17 - Markup and Contingency', '802.93', '87.24', 1),
(772, 'Stringtough', '13-280 - Hazardous Material Remediation', '509.72', '137.26', 1),
(773, 'Sonsing', '2-870 - Sculpture/Ornamental', '744.66', '922.79', 1),
(774, 'Konklab', '3-100 - Concrete Reinforcement', '156.00', '309.52', 1),
(775, 'Fintone', '1-640 - Owner Furnished Products', '333.77', '392.07', 1),
(776, 'Konklab', '2-915 - Mulch', '436.53', '805.68', 1),
(777, 'Regrant', '2-625 - Retaining Wall Drainage Piping', '812.46', '743.43', 1),
(778, 'Tin', '2-230 - Site Clearing', '226.48', '360.63', 1),
(779, 'Konklux', '10-750 - Telephone Specialties', '775.98', '558.18', 1),
(780, 'Temp', '1-560 - Temporary Barriers and Enclosures', '174.48', '525.54', 1),
(781, 'Stringtough', '1-520 - Construction Facilities', '666.95', '843.90', 1),
(782, 'Holdlamis', '2-311 - Final Grading', '295.63', '764.60', 1),
(783, 'Y-Solowarm', '2-820 - Fences and Gates', '388.88', '744.67', 1),
(784, 'Zamit', '2-220 - Site Demolition', '977.58', '818.23', 1),
(785, 'Rank', '13-110 - Cathodic Protection', '749.59', '661.17', 1),
(786, 'Overhold', '3-400 - Precast Concrete', '954.14', '488.49', 1),
(787, 'Holdlamis', '1-014 - Project Executive', '170.84', '159.13', 1),
(788, 'Duobam', '1-640 - Owner Furnished Products', '175.66', '790.56', 1),
(789, 'Voltsillam', '3-310 - Expansion Joints', '594.02', '668.21', 1),
(790, 'Fix San', '10-270 - Access Flooring', '862.20', '736.17', 1),
(791, 'Fix San', '15-800 - Air Distribution', '213.61', '975.42', 1),
(792, 'Fix San', '1-540 - Construction Aids', '440.42', '146.59', 1),
(793, 'Toughjoyfax', '17 - Markup and Contingency', '105.76', '678.35', 1),
(794, 'Hatity', '11-010 - Maintenance Equipment', '26.07', '242.92', 1),
(795, 'Flexidy', '2-370 - Erosion and Sedimentation Control', '235.93', '432.54', 1),
(796, 'Matsoft', '11-160 - Loading Dock Equipment', '854.68', '364.36', 1),
(797, 'Transcof', '1-540 - Construction Aids', '79.86', '224.36', 1),
(798, 'Gembucket', '10-250 - Service Walls', '733.49', '852.15', 1),
(799, 'Fix San', '8-900 - Glazed Curtain Wall', '713.58', '960.31', 1),
(800, 'Tres-Zap', '10-550 - Postal Specialties', '34.46', '536.80', 1),
(801, 'Zaam-Dox', '11-700 - Medical Equipment', '950.16', '973.26', 1),
(802, 'Voltsillam', '5-400 - Cold-Formed Metal Framing', '301.97', '887.38', 1),
(803, 'Bytecard', '1-550 - Vehicular Access and Parking', '886.84', '452.33', 1),
(804, 'Konklab', '12-700 - Systems Furniture', '536.43', '797.49', 1),
(805, 'Subin', '11-450 - Residential Equipment', '77.70', '322.76', 1),
(806, 'Veribet', '3-540 - Cementitious Underlayments', '620.34', '451.66', 1),
(807, 'Fix San', '1-002 - Instructions', '903.08', '692.56', 1),
(808, 'Latlux', '12-600 - Multiple Seating', '461.85', '641.21', 1),
(809, 'Y-find', '4-800 - Masonry Assemblies', '153.20', '670.62', 1),
(810, 'Matsoft', '7-300 - Shingles, Roof Tiles, and Roof Coverings', '250.97', '413.37', 1),
(811, 'Fix San', '14 - Conveying Systems', '281.14', '195.55', 1),
(812, 'It', '9-100 - Metal Support Assemblies', '8.21', '550.51', 1),
(813, 'Biodex', '2-782 - Brick Pavers', '61.75', '284.97', 1),
(814, 'Transcof', '2-311 - Final Grading', '518.96', '655.53', 1),
(815, 'Stringtough', '15-600 - Refrigeration Equipment', '428.00', '236.43', 1),
(816, 'Vagram', '11-650 - Planetarium Equipment', '960.56', '683.57', 1),
(817, 'Tempsoft', '1-518 - Temporary Water', '769.65', '967.81', 1),
(818, 'Tempsoft', '10-200 - Louvers and Vents', '515.77', '537.10', 1),
(819, 'Konklab', '12-050 - Fabrics', '106.05', '831.78', 1),
(820, 'Aerified', '1-517 - Temporary Telephone', '249.43', '400.36', 1),
(821, 'Duobam', '2-240 - Dewatering', '800.70', '492.40', 1),
(822, 'Bytecard', '1-012 - Superintendent', '33.68', '341.56', 1),
(823, 'Redhold', '2-316 - Backfilling', '871.18', '33.63', 1),
(824, 'Home Ing', '3-300 - Footings', '81.19', '363.00', 1),
(825, 'Kanlam', '5-300 - Metal Deck', '360.42', '851.52', 1),
(826, 'Home Ing', '11-100 - Mercantile Equipment', '663.43', '110.15', 1),
(827, 'Otcom', '1-518 - Temporary Water', '191.71', '763.42', 1),
(828, 'Regrant', '8-800 - Glazing', '444.93', '85.62', 1),
(829, 'Wrapsafe', '9-050 - Basic Finish Materials and Methods', '449.82', '4.84', 1),
(830, 'Span', '2-825 - Wood Fences and Gates', '696.27', '435.85', 1),
(831, 'Domainer', '11-140 - Vehicle Service Equipment', '140.44', '359.73', 1),
(832, 'Keylex', '15-400 - Plumbing Fixtures and Equipment', '630.35', '322.51', 1),
(833, 'Latlux', '14 - Conveying Systems', '190.48', '324.89', 1),
(834, 'Lotstring', '2-784 - Stone Unit Pavers', '538.82', '934.00', 1),
(835, 'Zathin', '5-100 - Structural Metals', '970.80', '446.88', 1),
(836, 'Gembucket', '9-100 - Metal Support Assemblies', '108.95', '97.89', 1),
(837, 'Lotlux', '10 - Specialties', '118.94', '109.59', 1),
(838, 'Voltsillam', '13-090 - Radiation Protection', '262.25', '678.94', 1),
(839, 'Hatity', '1-510 - Temporary Utilities', '495.50', '546.03', 1),
(840, 'Bitchip', '13-030 - Special Purpose Rooms', '750.69', '140.32', 1),
(841, 'Flowdesk', '13-010 - Air-Supported Structures', '150.09', '898.05', 1),
(842, 'Pannier', '6-500 - Structural Plastics', '905.26', '94.42', 1),
(843, 'Sub-Ex', '11-300 - Fluid Waste Treatment and Disposal Equipment', '991.88', '769.12', 1),
(844, 'Daltfresh', '9-500 - Ceilings', '523.38', '414.55', 1),
(845, 'Zontrax', '1-514 - Temporary Heating, Cooling and Ventilation', '126.19', '923.10', 1),
(846, 'Job', '10-520 - Fire Protection Specialties', '354.07', '185.32', 1),
(847, 'Asoka', '7-800 - Fire and Smoke Protection', '27.53', '925.33', 1),
(848, 'Biodex', '5-700 - Ornamental Metal', '468.82', '854.24', 1),
(849, 'Toughjoyfax', '9-800 - Acoustical Treatment', '656.14', '317.26', 1),
(850, 'Fix San', '9-800 - Acoustical Treatment', '507.82', '47.84', 1),
(851, 'Greenlam', '3-230 - Anchor Bolts', '612.60', '222.48', 1),
(852, 'Bamity', '12-050 - Fabrics', '265.86', '877.69', 1),
(853, 'Flexidy', '1-760 - Protecting Installed Construction', '101.52', '861.03', 1),
(854, 'Toughjoyfax', '8-700 - Hardware', '112.29', '346.34', 1),
(855, 'Vagram', '17-030 - Bond', '324.87', '23.68', 1),
(856, 'Redhold', '9-400 - Terrazzo', '945.68', '589.50', 1),
(857, 'Matsoft', '10-290 - Pest Control', '255.90', '438.35', 1),
(858, 'Fix San', '12-600 - Multiple Seating', '708.57', '892.30', 1),
(859, 'Namfix', '3 - Concrete', '972.44', '167.15', 1),
(860, 'Bitchip', '11-090 - Checkroom Equipment', '816.87', '143.55', 1),
(861, 'Ronstring', '1-511 - Temporary Electricity', '398.94', '399.37', 1),
(862, 'Duobam', '13-280 - Hazardous Material Remediation', '443.27', '223.44', 1),
(863, 'Latlux', '15-200 - Process Piping', '177.78', '131.00', 1),
(864, 'Trippledex', '3-100 - Concrete Reinforcement', '725.27', '806.29', 1),
(865, 'Span', '3-210 - Cast-In-Place Concrete', '56.70', '166.83', 1),
(866, 'Subin', '10-880 - Scales', '369.66', '728.96', 1),
(867, 'Greenlam', '9-300 - Tile', '67.01', '284.27', 1),
(868, 'Alpha', '13-260 - Sludge Conditioning Systems', '141.90', '261.57', 1),
(869, 'Holdlamis', '11-150 - Parking Control Equipment', '943.73', '805.29', 1),
(870, 'Otcom', '2 - Site Construction', '270.99', '736.15', 1),
(871, 'Quo Lux', '4 - Masonry', '980.17', '513.67', 1),
(872, 'Regrant', '2-315 - Excavation', '818.38', '457.09', 1),
(873, 'Cardify', '5-900 - Metal Restoration and Cleaning', '821.57', '774.36', 1),
(874, 'Stronghold', '8-400 - Entrances and Storefronts', '970.28', '90.15', 1),
(875, 'Bigtax', '2-540 - Septic Tank', '132.29', '76.96', 1),
(876, 'Zoolab', '13-080 - Sound, Vibration, and Seismic Control', '232.43', '905.00', 1),
(877, 'Ventosanzap', '2-260 - Excavation Support and Protection', '909.98', '672.85', 1),
(878, 'Hatity', '10-350 - Flagpoles', '811.30', '967.38', 1),
(879, 'Hatity', '3-350 - Concrete Finishing', '726.10', '396.98', 1),
(880, 'Ronstring', '6-900 - Wood and Plastic Restoration and Cleaning', '367.73', '510.10', 1),
(881, 'Namfix', '11-450 - Residential Equipment', '471.44', '203.67', 1),
(882, 'Sub-Ex', '15-300 - Fire Protection Piping', '991.04', '199.02', 1),
(883, 'Prodder', '8-900 - Glazed Curtain Wall', '56.18', '321.73', 1),
(884, 'Asoka', '7-600 - Flashing and Sheet Metal', '0.95', '854.65', 1),
(885, 'Zontrax', '11-160 - Loading Dock Equipment', '450.49', '926.76', 1),
(886, 'Temp', '13-160 - Aquariums', '270.95', '899.61', 1),
(887, 'Voltsillam', '10-500 - Lockers', '345.11', '828.27', 1),
(888, 'Alphazap', '10-400 - Identification Devices', '911.85', '880.48', 1),
(889, 'Bitchip', '10-600 - Partitions', '766.56', '869.25', 1),
(890, 'Biodex', '1-600 - Product Requirements (Scope of Work)', '998.06', '263.06', 1),
(891, 'Fix San', '11-470 - Darkroom Equipment', '720.81', '795.15', 1),
(892, 'Quo Lux', '1-740 - Cleaning', '920.74', '916.44', 1),
(893, 'Fix San', '9-400 - Terrazzo', '951.11', '121.32', 1),
(894, 'Alphazap', '9-050 - Basic Finish Materials and Methods', '369.18', '441.94', 1),
(895, 'Bitwolf', '14-300 - Escalators and Moving Walks', '523.01', '502.25', 1),
(896, 'Sub-Ex', '2-923 - Seeding and Soil Supplements', '224.53', '767.70', 1),
(897, 'Asoka', '10-400 - Identification Devices', '764.48', '789.62', 1),
(898, 'Biodex', '13-170 - Tubs and Pools', '540.76', '523.19', 1),
(899, 'Home Ing', '12-600 - Multiple Seating', '486.65', '958.90', 1),
(900, 'Sonair', '11-850 - Navigation Equipment', '257.12', '307.54', 1),
(901, 'Home Ing', '1-760 - Protecting Installed Construction', '694.29', '625.08', 1),
(902, 'Greenlam', '12-400 - Furnishings and Accessories', '617.33', '438.12', 1),
(903, 'Prodder', '11-020 - Security and Vault Equipment', '127.85', '756.25', 1),
(904, 'Flexidy', '10-350 - Flagpoles', '138.24', '184.70', 1),
(905, 'Span', '2-625 - Retaining Wall Drainage Piping', '107.02', '852.37', 1),
(906, 'Tampflex', '11-450 - Residential Equipment', '76.71', '807.16', 1),
(907, 'Y-find', '3-230 - Anchor Bolts', '506.66', '329.19', 1),
(908, 'Alpha', '10-700 - Exterior Protection', '802.43', '434.00', 1),
(909, 'Bamity', '11-680 - Office Equipment', '759.17', '532.32', 1),
(910, 'Zaam-Dox', '10-520 - Fire Protection Specialties', '995.88', '966.51', 1),
(911, 'Y-find', '6-400 - Architectural Woodwork', '424.06', '39.22', 1),
(912, 'Namfix', '3 - Concrete', '923.33', '293.82', 1),
(913, 'Duobam', '2-770 - Curb and Gutters', '690.02', '219.19', 1),
(914, 'Greenlam', '7 - Thermal and Moisture Protection', '135.59', '963.44', 1),
(915, 'Span', '1-550 - Vehicular Access and Parking', '47.36', '647.83', 1),
(916, 'Zaam-Dox', '2-800 - Site Amenities', '710.98', '521.69', 1),
(917, 'Gembucket', '1-550 - Vehicular Access and Parking', '180.22', '24.29', 1),
(918, 'Alphazap', '2-370 - Erosion and Sedimentation Control', '814.86', '726.42', 1),
(919, 'Otcom', '12-300 - Manufactured Casework', '892.66', '911.18', 1),
(920, 'Regrant', '1-517 - Temporary Telephone', '63.46', '537.67', 1),
(921, 'Aerified', '13-080 - Sound, Vibration, and Seismic Control', '801.11', '130.18', 1),
(922, 'Sub-Ex', '11-850 - Navigation Equipment', '50.49', '65.82', 1),
(923, 'Zaam-Dox', '17-030 - Bond', '721.45', '497.81', 1),
(924, 'Tin', '14-700 - Turntables', '219.00', '935.11', 1),
(925, 'Duobam', '10-400 - Identification Devices', '278.43', '88.22', 1),
(926, 'Subin', '14-100 - Dumbwaiters', '985.06', '474.73', 1),
(927, 'Quo Lux', '15-700 - Heating, Venting and Air Conditioning', '218.08', '715.24', 1),
(928, 'Temp', '11-700 - Medical Equipment', '663.22', '939.81', 1),
(929, 'Trippledex', '16-700 - Communications', '365.46', '941.40', 1),
(930, 'Greenlam', '2-320 - Excavation and Fill', '278.72', '275.74', 1),
(931, 'Asoka', '2-795 - Porous Paving', '75.20', '880.63', 1),
(932, 'Temp', '11-650 - Planetarium Equipment', '824.11', '445.91', 1),
(933, 'Veribet', '10-750 - Telephone Specialties', '8.20', '55.45', 1),
(934, 'Zathin', '1-740 - Cleaning', '375.72', '937.99', 1),
(935, 'Biodex', '1-904 - Hazardous Materials Removal and Disposal', '10.69', '765.90', 1),
(936, 'Fix San', '4-200 - Masonry Units', '363.85', '837.28', 1),
(937, 'Stim', '2-915 - Mulch', '401.37', '65.03', 1),
(938, 'Duobam', '5-050 - Basic Metal Materials and Methods', '304.21', '832.72', 1),
(939, 'Fixflex', '3-100 - Concrete Reinforcement', '624.93', '838.87', 1),
(940, 'Andalax', '10-260 - Wall and Corner Guards', '972.72', '38.03', 1),
(941, 'Treeflex', '9-300 - Tile', '858.06', '12.99', 1),
(942, 'Y-find', '2-935 - Plant Maintenance', '859.04', '514.94', 1),
(943, 'Hatity', '10-820 - Bathroom Accessories', '853.34', '23.62', 1),
(944, 'Voltsillam', '7-100 - Damproofing and Waterproofing', '607.00', '291.01', 1),
(945, 'Y-find', '2-781 - Asphalt Pavers', '769.89', '155.47', 1),
(946, 'Fixflex', '12-100 - Art', '198.86', '302.31', 1),
(947, 'Voyatouch', '4-700 - Simulated Masonry', '537.26', '412.88', 1),
(948, 'Mat Lam Tam', '6-900 - Wood and Plastic Restoration and Cleaning', '554.06', '738.31', 1),
(949, 'Vagram', '1-560 - Temporary Barriers and Enclosures', '58.98', '682.70', 1),
(950, 'Matsoft', '5-800 - Expansion Control', '695.09', '378.88', 1),
(951, 'Cardguard', '10-150 - Compartments and Cubicles', '541.66', '861.28', 1),
(952, 'Vagram', '16-300 - Transmission and Distribution', '703.02', '323.75', 1),
(953, 'Biodex', '1-640 - Owner Furnished Products', '594.58', '962.79', 1),
(954, 'Prodder', '2-317 - Select Borrow', '177.07', '837.54', 1),
(955, 'Kanlam', '7-300 - Shingles, Roof Tiles, and Roof Coverings', '645.94', '341.55', 1),
(956, 'Fintone', '11-660 - Observatory Equipment', '211.28', '939.32', 1),
(957, 'Zaam-Dox', '2-625 - Retaining Wall Drainage Piping', '394.73', '749.37', 1),
(958, 'Prodder', '14-300 - Escalators and Moving Walks', '769.32', '884.28', 1),
(959, 'Kanlam', '2-782 - Brick Pavers', '926.94', '368.26', 1),
(960, 'Pannier', '2-000 - General', '142.94', '131.32', 1),
(961, 'Bitchip', '14-300 - Escalators and Moving Walks', '572.99', '89.26', 1),
(962, 'Temp', '13-090 - Radiation Protection', '88.93', '598.71', 1),
(963, 'Daltfresh', '17-040 - Profit', '413.80', '493.06', 1),
(964, 'Latlux', '10-240 - Grilles and Screens', '931.18', '831.97', 1),
(965, 'Quo Lux', '13-190 - Site-Constructed Incinerators', '926.74', '980.77', 1),
(966, 'Lotlux', '11-200 - Water Supply and Treatment Equipment', '841.12', '253.14', 1),
(967, 'Veribet', '1-011 - Project Engineer', '977.30', '189.70', 1),
(968, 'Y-Solowarm', '5-200 - Metal Joists', '808.06', '36.37', 1),
(969, 'Ventosanzap', '2-800 - Site Amenities', '622.44', '615.61', 1),
(970, 'Hatity', '9-500 - Ceilings', '682.54', '998.16', 1),
(971, 'Alpha', '4-500 - Refractories', '820.49', '220.08', 1),
(972, 'Zaam-Dox', '2-370 - Erosion and Sedimentation Control', '768.00', '498.20', 1),
(973, 'Toughjoyfax', '1-542 - Construction Scaffolding and Platforms', '495.56', '195.58', 1),
(974, 'Mat Lam Tam', '2-311 - Final Grading', '535.12', '983.36', 1),
(975, 'Stim', '7-900 - Joint Sealers', '144.67', '300.97', 1),
(976, 'Greenlam', '7-600 - Flashing and Sheet Metal', '455.45', '319.19', 1),
(977, 'Fintone', '10-450 - Pedestrian Control Devices', '198.85', '455.53', 1),
(978, 'Mat Lam Tam', '13-550 - Transportation Control Instrumentation', '389.88', '366.75', 1),
(979, 'Andalax', '6-500 - Structural Plastics', '438.29', '809.38', 1),
(980, 'Viva', '9-900 - Paints and Coatings', '986.94', '324.48', 1),
(981, 'Stronghold', '12-600 - Multiple Seating', '695.45', '588.28', 1),
(982, 'Ronstring', '15-900 - HVAC Instruments and Controls', '611.12', '503.29', 1),
(983, 'Lotlux', '1-002 - Instructions', '564.15', '662.37', 1),
(984, 'Sonsing', '13-550 - Transportation Control Instrumentation', '418.55', '149.77', 1),
(985, 'Job', '2-795 - Porous Paving', '945.56', '22.17', 1),
(986, 'Fintone', '13 - Special Construction', '609.65', '230.33', 1),
(987, 'Treeflex', '14-500 - Material Handling', '816.01', '603.08', 1),
(988, 'Prodder', '3-350 - Concrete Finishing', '196.01', '610.91', 1),
(989, 'Tin', '3-330 - Poured Concrete Basement Walls', '978.12', '201.09', 1),
(990, 'Treeflex', '7-600 - Flashing and Sheet Metal', '3.25', '392.61', 1),
(991, 'Treeflex', '3-300 - Footings', '629.24', '399.39', 1),
(992, 'Temp', '15-900 - HVAC Instruments and Controls', '430.55', '530.41', 1),
(993, 'Greenlam', '11-500 - Industrial and Process Equipment', '404.66', '894.44', 1),
(994, 'Sonair', '10-520 - Fire Protection Specialties', '277.39', '972.25', 1),
(995, 'Home Ing', '10-340 - Manufactured Exterior Specialties', '150.63', '473.29', 1),
(996, 'Pannier', '16-300 - Transmission and Distribution', '30.18', '286.32', 1),
(997, 'Fix San', '15-500 - Heat-Generation Equipment', '775.89', '626.85', 1),
(998, 'Asoka', '7-300 - Shingles, Roof Tiles, and Roof Coverings', '982.58', '811.67', 1),
(999, 'Temp', '6-900 - Wood and Plastic Restoration and Cleaning', '487.02', '720.30', 1),
(1000, 'It', '2 - Site Construction', '510.13', '290.55', 1),
(1001, 'Konklab', '4 - Masonry', '536.17', '834.95', 1),
(1002, 'Home Ing', '15-950 - Testing, Adjusting, and Balancing', '67.20', '559.66', 1),
(1003, 'Tampflex', '2-250 - Shoring and Underpinning', '980.54', '366.02', 1),
(1004, 'Mat Lam Tam', '15-200 - Process Piping', '971.91', '234.49', 1),
(1005, 'Sonsing', '3-540 - Cementitious Underlayments', '642.13', '753.33', 1),
(1006, 'Pannier', '16-100 - Electrical', '331.62', '169.94', 1),
(1007, 'Greenlam', '1-520 - Construction Facilities', '387.60', '64.27', 1),
(1008, 'Home Ing', '1-903 - Hazardous Materials Abatement', '166.65', '122.47', 1),
(1009, 'Temp', '2-370 - Erosion and Sedimentation Control', '76.79', '372.71', 1),
(1010, 'Tampflex', '15-700 - Heating, Venting and Air Conditioning', '375.65', '937.86', 1),
(1011, 'Daltfresh', '13-260 - Sludge Conditioning Systems', '182.75', '889.26', 1),
(1012, 'Test item', 'test', '0.01', '0.02', 1);

INSERT INTO `companies` (`id`, `name`, `street`, `house_nr`, `zipcode`, `city`, `country_code`, `email_adress`, `phone_number`) VALUES
(1, 'GreenHome', 'Sterappel', '18', '4793KE', 'Breda', 'NL', 'info@greenhome.com', '+31 6 24 95 45 37');


INSERT INTO `employees` (`id`, `first_name`, `last_name`, `email_adress`, `password`, `company_id`, `function_name`, `is_active`) VALUES
(1, 'Admin', 'Instrator', 'admin@greenhome.com', '$2y$10$g76JjQO1tYVpT0zMhxFB4Ocru1nAC/iiDeT/aU5jZ4uYy6kdfxXMa', 1, 'admin', 1),
(5, 'Jeroen', 'Post', 'jeroen@greenhome.com', '$2y$10$daS3an7s.HW5rd9YBFPsLOdR24CqxRBnGy2.EkYqAjxFLYTGW8nHK', 1, 'admin', 1),
(8, 'Ima', 'Underwood', 'dapibus.id@yahoo.net', 'EYS72AJI5FH', 1, 'sales', 1),
(9, 'Bryar', 'Clements', 'non@aol.edu', 'IAN81GJS6YZ', 1, 'sales', 1),
(10, 'Lyle', 'Downs', 'aliquet.lobortis.nisi@google.ca', 'BYP68NUV5CF', 1, 'sales', 1),
(11, 'Alfreda', 'Oneil', 'libero.integer@icloud.com', 'YDL55NAY4LU', 1, 'sales', 1),
(12, 'Hall', 'Sexton', 'metus.eu.erat@outlook.couk', 'SSJ38URV3PW', 1, 'sales', 1),
(13, 'Clayton', 'David', 'at@hotmail.edu', 'LJS62BBR6GP', 1, 'sales', 1),
(14, 'Duncan', 'Hartman', 'mattis@protonmail.net', 'STM68LMC6VB', 1, 'admin', 1),
(15, 'Moana', 'Rollins', 'dis@outlook.couk', 'GLG59OBZ2PK', 1, 'sales', 1),
(16, 'Shay', 'Reynolds', 'aliquam.enim.nec@protonmail.com', 'FIU60NAT0MB', 1, 'sales', 1),
(17, 'Rowan', 'Coleman', 'mauris.eu@google.com', 'PZP68WPD7JL', 1, 'sales', 1),
(18, 'Tanner', 'Horton', 'pellentesque.ut.ipsum@google.com', 'QCI16UTF6NX', 1, 'sales', 1),
(19, 'Teegan', 'Wells', 'malesuada@aol.edu', 'XLN22YWK2UP', 1, 'admin', 1),
(20, 'Aristotle', 'Baird', 'in.hendrerit@protonmail.net', 'OAJ63BMB1CC', 1, 'sales', 1),
(21, 'Sasha', 'Cox', 'sed.est@aol.couk', 'VWW96ELR3VX', 1, 'admin', 1),
(22, 'Amity', 'Wilkinson', 'orci.in@aol.ca', 'GKO44WSO2WW', 1, 'sales', 1),
(23, 'Cara', 'Jacobson', 'erat.eget@icloud.org', 'XFX32VDK2AW', 1, 'sales', 1),
(24, 'Juliet', 'Shields', 'tincidunt.nibh@aol.ca', 'VDY98RSI1SS', 1, 'admin', 1),
(25, 'Kelsie', 'Benson', 'massa.rutrum@google.ca', 'YYR32MQF4UK', 1, 'admin', 1),
(26, 'Logan', 'Williamson', 'nisl.sem@protonmail.com', 'WMG12PFW5VG', 1, 'sales', 1),
(27, 'Claudia', 'Frost', 'lorem.ipsum.dolor@outlook.ca', 'QEB81SFI0YM', 1, 'sales', 1),
(28, 'Jeroen', 'Post', 'admin1@greenhome.com', '$2y$10$uL.OrXHS/WHBnO.DK6TEvO420e.xV9/LbmlpKgrt8.T4iTWEcWmHy', 1, 'admin', 1);

INSERT INTO `functions` (`name`) VALUES
('admin'),
('sales');

INSERT INTO `orders` (`id`, `order_date`, `shipping_date`, `order_type`, `employee_id`, `relation_id`, `company_id`, `is_finalized`) VALUES
(1, '2023-02-20', '2023-02-21', 1, 1, 1, 1, 1),
(2, '2023-01-01', '2023-01-10', 0, 1, 1, 1, 1),
(3, '2023-04-22', '2023-08-18', 0, 10, 15, 1, 1),
(4, '2023-08-02', '2023-01-13', 0, 22, 17, 1, 0),
(5, '2023-04-05', '2023-05-22', 1, 9, 31, 1, 0),
(6, '2023-07-08', '2023-05-14', 1, 13, 13, 1, 1),
(7, '2023-08-18', '2023-11-21', 0, 13, 18, 1, 0),
(8, '2023-11-27', '2023-05-03', 0, 13, 26, 1, 0),
(9, '2023-09-30', '2023-11-03', 1, 15, 22, 1, 0),
(10, '2023-10-09', '2023-04-05', 1, 11, 31, 1, 1),
(11, '2023-10-06', '2023-05-04', 0, 21, 22, 1, 1),
(12, '2023-05-13', '2023-01-28', 1, 15, 11, 1, 0),
(13, '2023-03-14', '2023-12-07', 0, 21, 13, 1, 0),
(14, '2023-02-28', '2023-05-12', 0, 26, 18, 1, 0),
(15, '2023-08-30', '2023-12-30', 0, 16, 14, 1, 0),
(16, '2023-02-03', '2023-03-22', 1, 17, 17, 1, 0),
(17, '2023-04-27', '2023-10-16', 0, 22, 17, 1, 0),
(18, '2023-09-10', '2023-02-05', 1, 8, 10, 1, 0),
(19, '2023-03-20', '2023-10-11', 0, 23, 14, 1, 1),
(20, '2023-06-02', '2023-03-22', 0, 15, 31, 1, 0),
(21, '2023-01-11', '2023-07-04', 0, 13, 15, 1, 1),
(22, '2023-11-07', '2023-08-13', 0, 13, 21, 1, 1),
(23, '2023-12-26', '2023-06-02', 0, 11, 11, 1, 1),
(24, '2023-11-21', '2023-03-18', 0, 17, 23, 1, 1),
(25, '2023-07-13', '2023-01-02', 1, 20, 14, 1, 0),
(26, '2023-11-18', '2023-06-22', 0, 12, 18, 1, 1),
(27, '2023-02-18', '2023-12-22', 1, 23, 23, 1, 0),
(28, '2023-11-03', '2023-11-22', 1, 19, 12, 1, 1),
(29, '2023-06-25', '2023-03-19', 1, 20, 28, 1, 0),
(30, '2023-07-03', '2023-04-30', 0, 14, 24, 1, 1),
(31, '2023-11-17', '2023-06-13', 0, 9, 22, 1, 1),
(32, '2023-08-16', '2023-03-06', 0, 16, 18, 1, 0),
(33, '2023-12-10', '2023-09-05', 0, 17, 24, 1, 0),
(34, '2023-02-24', '2023-10-29', 1, 21, 14, 1, 1),
(35, '2023-05-10', '2023-10-17', 0, 16, 31, 1, 0),
(36, '2023-11-24', '2023-07-05', 0, 17, 13, 1, 0),
(37, '2023-01-07', '2023-03-22', 0, 14, 10, 1, 0),
(38, '2023-08-06', '2023-06-08', 0, 10, 23, 1, 1),
(39, '2023-08-01', '2023-11-05', 0, 12, 19, 1, 0),
(40, '2023-09-04', '2023-07-12', 1, 12, 22, 1, 0),
(41, '2023-01-13', '2023-06-14', 1, 25, 31, 1, 1),
(42, '2023-06-05', '2023-03-21', 1, 19, 13, 1, 1),
(43, '2023-12-18', '2023-12-01', 1, 10, 13, 1, 0),
(44, '2023-09-25', '2023-05-17', 0, 22, 29, 1, 0),
(45, '2023-07-15', '2023-09-05', 1, 14, 29, 1, 0),
(46, '2023-11-03', '2023-10-26', 0, 11, 14, 1, 0),
(47, '2023-09-21', '2023-01-09', 1, 21, 26, 1, 0),
(48, '2023-06-05', '2023-09-22', 0, 10, 13, 1, 1),
(49, '2023-04-06', '2023-12-16', 0, 20, 12, 1, 0),
(50, '2023-08-10', '2023-05-22', 0, 19, 28, 1, 1),
(51, '2023-05-03', '2023-12-07', 0, 19, 26, 1, 0),
(52, '2023-08-25', '2023-07-29', 0, 14, 23, 1, 1),
(53, '2023-07-28', '2023-10-12', 1, 26, 23, 1, 1),
(54, '2023-03-15', '2023-07-30', 0, 24, 26, 1, 1),
(55, '2023-08-27', '2023-07-19', 1, 13, 19, 1, 1),
(56, '2023-07-21', '2023-04-24', 1, 22, 32, 1, 1),
(57, '2023-02-06', '2023-02-13', 1, 17, 13, 1, 0),
(58, '2023-11-29', '2023-01-13', 0, 17, 27, 1, 1),
(59, '2023-01-09', '2023-07-18', 0, 18, 10, 1, 0),
(60, '2023-08-17', '2023-09-15', 0, 21, 22, 1, 1),
(61, '2023-04-05', '2023-08-10', 0, 12, 11, 1, 1),
(62, '2023-05-14', '2023-01-31', 0, 22, 23, 1, 0),
(63, '2023-07-29', '2023-06-12', 1, 17, 18, 1, 1),
(64, '2023-06-13', '2023-07-22', 1, 16, 10, 1, 0),
(65, '2023-04-05', '2023-05-23', 1, 25, 19, 1, 1),
(66, '2023-07-17', '2023-10-08', 0, 21, 23, 1, 0),
(67, '2023-04-27', '2023-01-16', 0, 11, 30, 1, 1),
(68, '2023-09-07', '2023-10-12', 0, 9, 32, 1, 1),
(69, '2023-09-08', '2023-02-22', 1, 9, 19, 1, 0),
(70, '2023-04-25', '2023-12-05', 1, 9, 23, 1, 0),
(71, '2023-01-23', '2023-05-28', 1, 18, 29, 1, 0),
(72, '2023-01-15', '2023-07-30', 0, 22, 16, 1, 1),
(73, '2023-12-26', '2023-02-12', 1, 22, 32, 1, 0),
(74, '2023-11-27', '2023-08-31', 0, 11, 30, 1, 1),
(75, '2023-06-12', '2023-11-23', 1, 16, 26, 1, 1),
(76, '2023-02-10', '2023-03-07', 1, 13, 26, 1, 1),
(77, '2023-05-01', '2023-12-28', 1, 12, 10, 1, 0),
(78, '2023-09-25', '2023-08-31', 0, 13, 11, 1, 1),
(79, '2023-07-16', '2023-11-11', 0, 25, 30, 1, 1),
(80, '2023-03-28', '2023-03-31', 1, 19, 22, 1, 0),
(81, '2023-01-05', '2023-06-16', 0, 14, 28, 1, 1),
(82, '2023-08-12', '2023-03-14', 1, 17, 21, 1, 1),
(83, '2023-10-10', '2023-03-29', 1, 22, 12, 1, 0),
(84, '2023-02-22', '2023-11-18', 1, 15, 27, 1, 1),
(85, '2023-11-06', '2023-04-11', 0, 15, 27, 1, 0),
(86, '2023-03-14', '2023-08-18', 1, 15, 25, 1, 1),
(87, '2023-08-12', '2023-05-26', 1, 27, 33, 1, 1),
(88, '2023-10-20', '2023-01-06', 0, 14, 30, 1, 0),
(89, '2023-03-26', '2023-03-27', 0, 13, 23, 1, 0),
(90, '2023-03-24', '2023-02-14', 0, 19, 15, 1, 0),
(91, '2023-11-13', '2023-07-12', 0, 16, 18, 1, 0),
(92, '2023-01-01', '2023-04-18', 0, 26, 33, 1, 0),
(93, '2023-03-14', '2023-08-21', 0, 10, 27, 1, 0),
(94, '2023-05-14', '2023-12-09', 1, 24, 19, 1, 1),
(95, '2023-12-10', '2023-10-02', 0, 9, 10, 1, 1),
(96, '2023-05-22', '2023-01-28', 1, 17, 16, 1, 1),
(97, '2023-04-20', '2023-09-27', 1, 21, 11, 1, 1),
(98, '2023-11-23', '2023-05-12', 1, 24, 27, 1, 0),
(99, '2023-11-14', '2023-07-17', 1, 17, 23, 1, 1),
(100, '2023-07-10', '2023-03-26', 0, 17, 22, 1, 1),
(101, '2023-05-14', '2023-04-10', 0, 10, 10, 1, 1),
(102, '2023-06-25', '2023-02-10', 1, 13, 22, 1, 1),
(103, '2023-08-02', '2023-12-21', 1, 8, 17, 1, 0),
(104, '2023-06-02', '2023-06-15', 0, 26, 31, 1, 0),
(105, '2023-12-25', '2023-04-25', 1, 17, 19, 1, 0),
(106, '2023-08-02', '2023-05-06', 1, 26, 21, 1, 1),
(107, '2023-12-10', '2023-04-02', 1, 15, 13, 1, 1),
(108, '2023-03-28', '2023-09-09', 0, 15, 14, 1, 1),
(109, '2023-12-30', '2023-08-25', 0, 19, 20, 1, 1),
(110, '2023-02-15', '2023-05-03', 0, 16, 22, 1, 1),
(111, '2023-05-20', '2023-06-03', 1, 10, 18, 1, 0),
(112, '2023-11-09', '2023-03-09', 1, 25, 12, 1, 1),
(113, '2023-07-30', '2023-12-14', 1, 18, 11, 1, 1),
(114, '2023-02-26', '2023-10-23', 1, 8, 15, 1, 0),
(115, '2023-02-24', '2023-04-27', 1, 13, 21, 1, 0),
(116, '2023-06-01', '2023-05-10', 0, 10, 12, 1, 1),
(117, '2023-11-28', '2023-04-28', 0, 18, 30, 1, 1),
(118, '2023-01-16', '2023-01-19', 1, 11, 23, 1, 1),
(119, '2023-07-02', '2023-09-14', 1, 16, 13, 1, 0),
(120, '2023-07-19', '2023-12-22', 0, 13, 19, 1, 1),
(121, '2023-06-23', '2023-04-12', 0, 22, 33, 1, 1),
(122, '2023-03-07', '2023-03-10', 0, 12, 26, 1, 0),
(123, '2023-05-21', '2023-08-06', 1, 11, 11, 1, 1),
(124, '2023-07-24', '2023-12-05', 0, 25, 31, 1, 0),
(125, '2023-01-03', '2023-06-24', 1, 18, 16, 1, 1),
(126, '2023-01-25', '2023-03-03', 0, 19, 20, 1, 0),
(127, '2023-12-13', '2023-04-02', 1, 18, 12, 1, 0),
(128, '2023-09-22', '2023-09-30', 1, 13, 25, 1, 1),
(129, '2023-11-11', '2023-10-22', 0, 21, 15, 1, 1),
(130, '2023-12-08', '2023-02-13', 1, 10, 21, 1, 0),
(131, '2023-08-08', '2023-12-05', 0, 9, 24, 1, 1),
(132, '2023-06-20', '2023-05-10', 0, 8, 16, 1, 0),
(133, '2023-03-24', '2023-06-10', 1, 25, 32, 1, 1),
(134, '2023-06-16', '2023-05-04', 1, 18, 29, 1, 1),
(135, '2023-01-10', '2023-03-30', 0, 18, 18, 1, 0),
(136, '2023-02-08', '2023-12-11', 0, 18, 17, 1, 0),
(137, '2023-01-01', '2023-10-07', 1, 13, 32, 1, 1),
(138, '2023-12-07', '2023-08-07', 1, 20, 9, 1, 1),
(139, '2023-04-04', '2023-11-29', 0, 21, 13, 1, 1),
(140, '2023-09-16', '2023-01-23', 0, 14, 25, 1, 0),
(141, '2023-05-17', '2023-05-28', 0, 23, 22, 1, 1),
(142, '2023-01-26', '2023-05-05', 0, 25, 15, 1, 1),
(143, '2023-02-05', '2023-09-18', 0, 14, 12, 1, 0),
(144, '2023-07-17', '2023-04-20', 0, 13, 33, 1, 1),
(145, '2023-04-14', '2023-05-16', 0, 19, 21, 1, 1),
(146, '2023-12-08', '2023-08-25', 0, 23, 20, 1, 1),
(147, '2023-12-19', '2023-04-09', 1, 16, 19, 1, 0),
(148, '2023-12-19', '2023-12-07', 0, 11, 25, 1, 0),
(149, '2023-05-20', '2023-08-07', 0, 23, 22, 1, 0),
(150, '2023-05-08', '2023-03-13', 1, 23, 27, 1, 1),
(151, '2023-09-25', '2023-02-11', 0, 14, 29, 1, 0),
(152, '2023-09-27', '2023-12-27', 1, 25, 20, 1, 0),
(153, '2023-11-17', '2023-10-11', 0, 27, 29, 1, 1),
(154, '2023-04-25', '2023-08-16', 0, 25, 15, 1, 0),
(155, '2023-09-02', '2023-01-27', 0, 24, 10, 1, 1),
(156, '2023-12-11', '2023-12-13', 1, 25, 30, 1, 0),
(157, '2023-07-15', '2023-09-13', 1, 10, 30, 1, 0),
(158, '2023-09-24', '2023-07-23', 0, 21, 26, 1, 0),
(159, '2023-10-12', '2023-06-21', 0, 10, 19, 1, 1),
(160, '2023-09-11', '2023-01-11', 1, 15, 15, 1, 1),
(161, '2023-08-29', '2023-10-24', 0, 21, 30, 1, 0),
(162, '2023-10-25', '2023-10-09', 1, 27, 16, 1, 1),
(163, '2023-02-22', '2023-01-09', 0, 13, 25, 1, 1),
(164, '2023-11-02', '2023-12-12', 0, 21, 21, 1, 0),
(165, '2023-05-09', '2023-09-02', 0, 15, 12, 1, 1),
(166, '2023-08-01', '2023-08-11', 1, 25, 24, 1, 0),
(167, '2023-05-06', '2023-08-19', 0, 27, 18, 1, 1),
(168, '2023-11-14', '2023-05-07', 1, 13, 25, 1, 1),
(169, '2023-08-13', '2023-02-06', 1, 8, 18, 1, 0),
(170, '2023-10-01', '2023-12-24', 0, 22, 33, 1, 1),
(171, '2023-04-17', '2023-08-02', 1, 21, 33, 1, 1),
(172, '2023-05-07', '2023-05-31', 1, 14, 27, 1, 0),
(173, '2023-06-21', '2023-04-12', 1, 17, 29, 1, 1),
(174, '2023-05-07', '2023-01-08', 0, 10, 30, 1, 1),
(175, '2023-05-16', '2023-10-28', 0, 8, 11, 1, 0),
(176, '2023-08-02', '2023-10-10', 0, 15, 9, 1, 0),
(177, '2023-09-04', '2023-04-17', 1, 15, 14, 1, 1),
(178, '2023-08-09', '2023-08-05', 0, 25, 26, 1, 0),
(179, '2023-10-09', '2023-02-01', 0, 8, 24, 1, 0),
(180, '2023-07-25', '2023-11-21', 0, 14, 28, 1, 1),
(181, '2023-10-27', '2023-02-18', 0, 10, 20, 1, 0),
(182, '2023-01-09', '2023-07-12', 0, 25, 10, 1, 0),
(183, '2023-05-03', '2023-05-23', 1, 25, 20, 1, 1),
(184, '2023-04-13', '2023-11-20', 1, 22, 28, 1, 1),
(185, '2023-03-02', '2023-09-21', 1, 25, 22, 1, 0),
(186, '2023-10-11', '2023-05-24', 0, 11, 14, 1, 0),
(187, '2023-11-02', '2023-11-28', 0, 21, 26, 1, 1),
(188, '2023-11-26', '2023-01-25', 1, 24, 14, 1, 0),
(189, '2023-08-24', '2023-01-29', 1, 18, 28, 1, 1),
(190, '2023-02-20', '2023-02-18', 0, 13, 12, 1, 1),
(191, '2023-01-19', '2023-10-28', 1, 15, 18, 1, 0),
(192, '2023-03-02', '2023-09-22', 0, 15, 24, 1, 0),
(193, '2023-08-02', '2023-07-01', 1, 8, 32, 1, 0),
(194, '2023-04-21', '2023-08-29', 1, 16, 10, 1, 1),
(195, '2023-06-16', '2023-06-06', 0, 26, 29, 1, 1),
(196, '2023-12-17', '2023-05-28', 1, 19, 23, 1, 0),
(197, '2023-01-27', '2023-06-10', 1, 23, 24, 1, 0),
(198, '2023-03-21', '2023-08-11', 1, 14, 18, 1, 0),
(199, '2023-04-08', '2023-03-06', 1, 25, 15, 1, 1),
(200, '2023-01-09', '2023-06-30', 1, 23, 25, 1, 0),
(201, '2023-01-30', '2023-03-28', 1, 11, 30, 1, 0),
(202, '2023-01-25', '2023-11-22', 1, 11, 20, 1, 1);

INSERT INTO `order_lines` (`order_id`, `order_line`, `quantity`, `article_id`) VALUES
(1, 1, 1, 1),
(1, 2, 1, 2),
(1, 10, 7, 966),
(1, 244, 3, 462),
(2, 1, 5, 1),
(2, 2, 10, 2),
(2, 126, 9, 586),
(2, 277, 1, 234),
(2, 304, 10, 612),
(2, 372, 4, 684),
(2, 438, 6, 828),
(2, 445, 3, 241),
(4, 337, 1, 307),
(5, 10, 4, 207),
(5, 353, 10, 231),
(5, 500, 7, 734),
(6, 52, 2, 696),
(6, 218, 5, 773),
(7, 39, 7, 371),
(7, 88, 3, 674),
(7, 188, 2, 513),
(7, 419, 1, 741),
(8, 128, 10, 750),
(8, 330, 4, 248),
(8, 448, 4, 924),
(9, 303, 6, 128),
(9, 323, 8, 498),
(10, 134, 1, 561),
(10, 471, 10, 695),
(11, 92, 10, 848),
(11, 260, 8, 108),
(12, 76, 7, 281),
(12, 289, 2, 647),
(12, 339, 2, 793),
(13, 40, 8, 759),
(13, 67, 7, 182),
(14, 209, 2, 506),
(14, 408, 1, 682),
(15, 246, 10, 326),
(16, 41, 6, 873),
(16, 73, 9, 964),
(16, 228, 3, 172),
(16, 240, 5, 115),
(16, 267, 1, 131),
(17, 27, 7, 339),
(17, 147, 3, 232),
(17, 372, 7, 972),
(18, 40, 8, 871),
(18, 230, 1, 148),
(18, 413, 6, 296),
(18, 416, 8, 379),
(19, 75, 7, 838),
(20, 137, 9, 641),
(20, 429, 8, 724),
(21, 97, 5, 166),
(22, 339, 6, 915),
(22, 415, 9, 1005),
(23, 151, 10, 225),
(23, 345, 10, 746),
(24, 58, 8, 848),
(24, 77, 4, 405),
(24, 90, 6, 723),
(25, 214, 4, 1007),
(25, 229, 6, 662),
(26, 12, 4, 336),
(26, 79, 3, 854),
(26, 92, 7, 935),
(26, 192, 7, 355),
(26, 381, 10, 724),
(27, 223, 7, 906),
(27, 448, 9, 15),
(29, 93, 5, 678),
(29, 146, 10, 833),
(29, 164, 1, 792),
(29, 172, 10, 636),
(31, 79, 2, 142),
(31, 351, 2, 892),
(32, 8, 1, 123),
(32, 315, 3, 374),
(32, 346, 6, 564),
(33, 66, 4, 220),
(33, 477, 9, 944),
(34, 40, 2, 38),
(34, 183, 9, 386),
(35, 97, 1, 680),
(35, 133, 6, 662),
(35, 298, 9, 767),
(36, 176, 1, 189),
(37, 252, 4, 827),
(37, 277, 4, 211),
(37, 306, 3, 131),
(38, 200, 4, 274),
(38, 493, 7, 989),
(39, 35, 5, 742),
(39, 207, 3, 975),
(39, 381, 6, 350),
(40, 72, 8, 527),
(41, 15, 1, 134),
(41, 45, 9, 752),
(41, 49, 4, 221),
(41, 172, 9, 69),
(41, 243, 6, 202),
(42, 255, 2, 684),
(42, 388, 2, 451),
(43, 56, 4, 1004),
(43, 274, 5, 401),
(43, 281, 3, 197),
(43, 282, 10, 190),
(43, 358, 4, 851),
(44, 175, 10, 944),
(44, 332, 8, 791),
(44, 361, 3, 567),
(45, 73, 2, 795),
(46, 152, 10, 911),
(47, 92, 10, 719),
(47, 128, 8, 865),
(48, 180, 10, 279),
(48, 190, 10, 678),
(48, 199, 8, 39),
(48, 333, 9, 906),
(48, 363, 5, 666),
(48, 380, 8, 798),
(49, 271, 6, 663),
(49, 282, 9, 563),
(49, 352, 10, 600),
(50, 194, 2, 504),
(50, 395, 9, 448),
(51, 26, 5, 319),
(51, 47, 10, 554),
(51, 89, 3, 417),
(51, 400, 7, 210),
(52, 369, 9, 856),
(52, 465, 6, 841),
(53, 105, 7, 43),
(53, 269, 2, 965),
(53, 414, 8, 930),
(54, 97, 6, 191),
(54, 192, 3, 711),
(54, 348, 2, 728),
(54, 399, 8, 807),
(54, 439, 5, 469),
(54, 457, 1, 911),
(54, 470, 1, 727),
(55, 61, 2, 461),
(55, 207, 2, 878),
(55, 222, 9, 273),
(55, 317, 10, 186),
(55, 363, 2, 337),
(55, 386, 7, 895),
(56, 39, 7, 686),
(56, 116, 3, 48),
(56, 169, 2, 785),
(56, 233, 1, 963),
(57, 46, 4, 384),
(57, 203, 3, 128),
(58, 97, 2, 906),
(58, 134, 2, 924),
(58, 210, 5, 670),
(58, 279, 1, 340),
(58, 430, 2, 156),
(59, 39, 3, 327),
(59, 94, 8, 760),
(59, 250, 9, 509),
(59, 480, 10, 411),
(60, 403, 1, 29),
(60, 483, 10, 242),
(61, 47, 7, 722),
(61, 63, 2, 624),
(61, 297, 10, 128),
(61, 369, 10, 553),
(62, 36, 3, 134),
(62, 90, 4, 24),
(62, 362, 7, 1009),
(63, 194, 9, 494),
(63, 203, 2, 291),
(63, 271, 6, 779),
(63, 393, 8, 542),
(64, 178, 8, 331),
(65, 225, 1, 250),
(66, 284, 3, 566),
(67, 145, 4, 930),
(67, 488, 6, 622),
(68, 45, 2, 449),
(68, 181, 8, 292),
(69, 248, 9, 355),
(69, 343, 7, 678),
(69, 426, 2, 775),
(70, 119, 10, 561),
(70, 203, 3, 826),
(71, 259, 2, 143),
(71, 307, 1, 580),
(72, 201, 4, 602),
(73, 203, 8, 591),
(73, 230, 10, 613),
(74, 79, 1, 431),
(74, 120, 3, 932),
(74, 144, 8, 469),
(74, 315, 4, 750),
(75, 7, 5, 326),
(75, 137, 9, 744),
(76, 282, 2, 761),
(76, 395, 3, 893),
(77, 191, 4, 973),
(78, 202, 6, 530),
(78, 234, 7, 442),
(78, 423, 1, 619),
(79, 26, 3, 81),
(79, 91, 7, 573),
(79, 124, 5, 151),
(79, 139, 2, 632),
(79, 445, 10, 386),
(79, 447, 6, 522),
(80, 8, 3, 224),
(80, 172, 8, 717),
(80, 192, 10, 626),
(80, 277, 6, 752),
(81, 62, 10, 675),
(81, 167, 5, 695),
(81, 471, 1, 91),
(83, 190, 3, 884),
(83, 239, 6, 101),
(83, 411, 4, 212),
(84, 127, 1, 1002),
(84, 150, 7, 968),
(85, 256, 1, 720),
(87, 174, 9, 1008),
(87, 264, 3, 694),
(87, 489, 4, 794),
(87, 492, 8, 582),
(88, 202, 4, 638),
(88, 278, 6, 190),
(88, 405, 7, 848),
(89, 339, 2, 806),
(90, 256, 4, 28),
(90, 410, 4, 224),
(91, 21, 9, 538),
(91, 263, 1, 846),
(92, 456, 5, 823),
(93, 313, 6, 845),
(94, 33, 9, 153),
(94, 383, 2, 506),
(95, 152, 5, 564),
(95, 156, 3, 981),
(95, 194, 1, 193),
(95, 347, 2, 366),
(96, 49, 10, 701),
(96, 144, 10, 896),
(96, 186, 6, 146),
(96, 388, 9, 1002),
(97, 68, 3, 724),
(97, 123, 10, 59),
(97, 212, 1, 119),
(98, 168, 7, 953),
(98, 231, 8, 761),
(98, 370, 9, 265),
(98, 381, 10, 525),
(99, 105, 1, 19),
(99, 139, 8, 727),
(100, 63, 5, 894),
(100, 90, 5, 749),
(100, 107, 3, 396),
(100, 189, 8, 53),
(100, 322, 4, 431),
(100, 341, 10, 523),
(101, 119, 7, 825),
(101, 123, 8, 214),
(101, 255, 10, 86),
(102, 15, 9, 252),
(102, 31, 7, 181),
(102, 124, 5, 1001),
(102, 328, 6, 656),
(103, 97, 9, 791),
(103, 199, 7, 702),
(104, 170, 3, 450),
(104, 230, 5, 377),
(105, 54, 2, 460),
(105, 118, 3, 910),
(105, 207, 7, 111),
(106, 166, 2, 15),
(106, 265, 1, 877),
(107, 24, 1, 841),
(108, 48, 5, 437),
(108, 173, 4, 686),
(108, 209, 6, 59),
(108, 350, 7, 685),
(109, 44, 7, 161),
(109, 54, 6, 105),
(109, 453, 4, 56),
(110, 82, 1, 531),
(111, 11, 10, 397),
(111, 14, 8, 458),
(111, 51, 3, 364),
(111, 71, 9, 824),
(111, 193, 4, 229),
(111, 384, 5, 75),
(112, 96, 9, 244),
(112, 309, 7, 225),
(113, 16, 1, 783),
(113, 85, 3, 462),
(113, 201, 5, 141),
(113, 315, 10, 255),
(114, 118, 4, 651),
(114, 155, 5, 831),
(114, 231, 3, 101),
(114, 285, 2, 520),
(114, 449, 3, 124),
(115, 83, 3, 829),
(115, 423, 7, 456),
(116, 69, 5, 659),
(116, 145, 10, 663),
(116, 254, 8, 773),
(117, 163, 9, 1008),
(117, 216, 9, 453),
(117, 443, 10, 80),
(118, 82, 8, 740),
(118, 135, 2, 355),
(118, 189, 6, 628),
(118, 250, 9, 380),
(120, 136, 3, 427),
(120, 308, 4, 383),
(120, 343, 2, 517),
(120, 364, 3, 165),
(121, 29, 6, 748),
(121, 217, 4, 926),
(121, 305, 8, 178),
(121, 325, 6, 14),
(121, 398, 8, 425),
(121, 480, 1, 248),
(123, 163, 4, 765),
(125, 484, 4, 479),
(126, 331, 1, 149),
(126, 399, 3, 287),
(127, 74, 6, 334),
(127, 104, 1, 954),
(127, 287, 9, 339),
(127, 463, 9, 432),
(127, 495, 7, 445),
(128, 207, 1, 846),
(128, 211, 2, 501),
(128, 258, 7, 952),
(130, 46, 8, 285),
(130, 320, 9, 717),
(130, 366, 6, 365),
(131, 23, 3, 567),
(131, 264, 7, 167),
(132, 135, 4, 345),
(133, 38, 8, 119),
(133, 159, 8, 227),
(133, 319, 3, 388),
(133, 446, 6, 414),
(134, 115, 8, 852),
(134, 162, 2, 462),
(135, 50, 2, 78),
(136, 86, 2, 300),
(136, 322, 5, 643),
(136, 337, 4, 112),
(138, 351, 6, 911),
(138, 393, 9, 61),
(138, 409, 4, 782),
(139, 320, 8, 112),
(140, 291, 5, 756),
(140, 307, 8, 992),
(140, 467, 3, 346),
(142, 98, 3, 26),
(142, 107, 3, 691),
(142, 134, 5, 549),
(142, 233, 6, 124),
(142, 416, 8, 99),
(142, 418, 10, 429),
(142, 429, 1, 311),
(143, 90, 10, 40),
(143, 109, 5, 423),
(143, 159, 8, 54),
(143, 165, 1, 300),
(143, 202, 7, 825),
(144, 39, 1, 786),
(144, 396, 8, 248),
(144, 439, 3, 257),
(145, 141, 8, 482),
(145, 468, 5, 216),
(146, 178, 5, 279),
(146, 364, 2, 312),
(146, 468, 5, 181),
(146, 470, 10, 182),
(146, 483, 10, 153),
(146, 493, 3, 631),
(147, 27, 7, 81),
(147, 87, 2, 634),
(148, 53, 6, 244),
(148, 123, 5, 48),
(148, 363, 4, 929),
(148, 468, 1, 268),
(149, 270, 6, 125),
(149, 316, 4, 185),
(149, 387, 3, 16),
(150, 168, 6, 785),
(150, 389, 6, 401),
(151, 316, 9, 182),
(152, 254, 7, 778),
(152, 424, 10, 126),
(153, 78, 7, 471),
(153, 161, 3, 163),
(153, 212, 5, 489),
(153, 318, 8, 341),
(153, 443, 5, 681),
(155, 57, 8, 244),
(157, 64, 9, 936),
(157, 489, 6, 510),
(158, 40, 5, 301),
(159, 321, 2, 136),
(159, 412, 6, 896),
(159, 457, 10, 680),
(160, 39, 4, 20),
(160, 59, 1, 499),
(160, 125, 5, 853),
(161, 43, 7, 337),
(161, 367, 2, 860),
(162, 208, 1, 689),
(162, 380, 10, 937),
(163, 15, 7, 226),
(163, 193, 3, 715),
(164, 38, 3, 196),
(164, 293, 2, 581),
(164, 364, 10, 283),
(164, 454, 9, 154),
(165, 5, 7, 541),
(165, 118, 6, 71),
(165, 487, 2, 793),
(166, 284, 2, 445),
(167, 286, 8, 157),
(167, 370, 4, 597),
(168, 170, 1, 742),
(168, 282, 2, 34),
(169, 6, 3, 557),
(169, 94, 6, 426),
(169, 218, 3, 491),
(169, 369, 10, 124),
(170, 272, 3, 934),
(172, 145, 2, 1002),
(172, 331, 1, 677),
(172, 354, 7, 602),
(173, 128, 3, 135),
(173, 164, 4, 952),
(173, 173, 1, 791),
(173, 188, 5, 572),
(173, 195, 6, 300),
(173, 204, 1, 966),
(175, 150, 4, 890),
(175, 393, 9, 551),
(176, 58, 1, 665),
(176, 91, 2, 683),
(176, 257, 8, 638),
(176, 395, 8, 163),
(177, 175, 7, 500),
(178, 340, 8, 939),
(178, 350, 5, 827),
(178, 467, 10, 241),
(179, 162, 2, 948),
(179, 307, 8, 443),
(180, 312, 7, 425),
(181, 66, 9, 971),
(181, 483, 4, 64),
(182, 433, 3, 981),
(183, 83, 10, 957),
(183, 469, 2, 503),
(183, 479, 3, 944),
(184, 71, 4, 701),
(184, 156, 10, 693),
(184, 365, 2, 588),
(184, 439, 9, 860),
(184, 447, 1, 706),
(185, 204, 3, 333),
(185, 247, 2, 797),
(186, 92, 6, 420),
(186, 353, 5, 898),
(187, 136, 10, 488),
(187, 278, 4, 594),
(189, 224, 1, 411),
(189, 484, 4, 113),
(189, 489, 7, 433),
(190, 135, 4, 411),
(190, 243, 1, 324),
(190, 424, 2, 789),
(190, 440, 3, 710),
(191, 17, 3, 576),
(191, 196, 6, 688),
(192, 242, 10, 839),
(192, 385, 1, 924),
(193, 107, 9, 768),
(193, 194, 6, 371),
(193, 315, 10, 815),
(194, 85, 9, 882),
(194, 123, 4, 957),
(194, 496, 8, 377),
(195, 246, 5, 90),
(195, 316, 7, 26),
(195, 465, 1, 755),
(196, 140, 4, 1002),
(196, 176, 4, 314),
(196, 330, 2, 63),
(196, 408, 7, 499),
(197, 3, 10, 21),
(197, 167, 2, 598),
(197, 180, 6, 817),
(198, 9, 10, 475),
(198, 93, 7, 886),
(198, 175, 8, 734),
(199, 29, 4, 562),
(199, 364, 10, 938),
(199, 402, 3, 549),
(199, 464, 3, 741),
(200, 100, 1, 787),
(200, 156, 8, 289),
(201, 222, 2, 422),
(201, 231, 3, 287),
(201, 379, 2, 757),
(202, 15, 10, 348),
(202, 141, 5, 942),
(202, 399, 10, 739),
(202, 418, 9, 659);

INSERT INTO `relations` (`id`, `name`, `street`, `house_nr`, `zip_code`, `city`, `country_code`, `email_adress`, `phone_number`) VALUES
(1, 'Furniture Manufacturer B.V.', 'voorstraat', '16A', '1234AB', 'Rotterdam', 'NL', 'info@furniture.com', '+31 10 12 56 77'),
(9, 'Sit Amet Industries', 'P.O. Box 775, 5363 Proin St.', '67', '3487 EV', 'Muiden', '', 'faucibus.morbi@yahoo.ca', '(0450) 56954769'),
(10, 'In Consectetuer LLP', 'Ap #532-8593 Sagittis Road', '46', '3831 GE', 'Sneek', '', 'magna.a@icloud.com', '(038656) 872926'),
(11, 'Metus Aenean Sed Ltd', 'Ap #341-9791 Libero. Rd.', '96', '2721 XF', 'Enkhuizen', 'NL', 'in@hotmail.ca', '(033605) 461470'),
(12, 'Aliquet Odio Etiam Incorporated', '6341 Amet, Rd.', '59', '1989 XM', 'Dordrecht', 'NL', 'sociis@icloud.org', '(043) 77998842'),
(13, 'Magna A LLP', 'Ap #731-1872 Orci. St.', '53', '4264 MM', 'IJlst', 'NL', 'bibendum.ullamcorper.duis@protonmail.ca', '(036223) 217383'),
(14, 'Fames Institute', '610-322 Gravida St.', '77', '6183 PU', 'Apeldoorn', '', 'sit.amet.diam@icloud.ca', '(04651) 7592153'),
(15, 'Vestibulum Neque Ltd', '4340 A Av.', '67', '0111 YO', 'Zeist', '', 'est@aol.ca', '(07971) 7325981'),
(16, 'Morbi Accumsan Institute', '524-2992 Magna. St.', '88', '7583 LS', 'Herstappe', 'NL', 'auctor@icloud.ca', '(068) 78424045'),
(17, 'Neque Institute', 'Ap #396-6131 Eget Avenue', '76', '4731 PH', 'Rotterdam', 'NL', 'malesuada.augue@yahoo.com', '(043) 86944584'),
(18, 'Quis Massa Mauris Corp.', '1692 Iaculis Av.', '71', '1656 LT', 'Meeuwen', '', 'fusce.aliquet@hotmail.ca', '(033681) 726516'),
(19, 'Phasellus Vitae Incorporated', '950-4689 Quisque Av.', '55', '2762 FT', 'Utrecht', 'NL', 'dictum.ultricies.ligula@icloud.org', '(0912) 31866027'),
(20, 'Convallis Dolor Inc.', 'Ap #808-1159 Tempus Road', '97', '5155 SF', 'Zwolle', '', 'maecenas.mi.felis@outlook.couk', '(05139) 9602277'),
(21, 'Enim Commodo LLP', 'P.O. Box 388, 2114 Morbi St.', '51', '9765 UB', 'Schagen', 'NL', 'pharetra.nam@icloud.com', '(042) 58461851'),
(22, 'Eu Euismod LLC', '9966 Quisque Road', '92', '5182 BR', 'Sluis', '', 'nec@icloud.ca', '(038511) 779183'),
(23, 'Sociis Natoque LLC', '707-5579 Ac Ave', '23', '5660 HK', 'Veere', '', 'quis@icloud.ca', '(0792) 34554524'),
(24, 'Suspendisse Sed Dolor Ltd', '626-9738 Eu, Street', '26', '2739 SS', 'Dordrecht', '', 'eu.odio@yahoo.couk', '(0491) 60143010'),
(25, 'Quam Elementum Limited', '7595 Pede St.', '43', '7778 NM', 'Middelburg', 'NL', 'sagittis.duis@icloud.edu', '(038555) 268858'),
(26, 'At Lacus Quisque Incorporated', 'P.O. Box 108, 4059 Cursus Av.', '57', '8350 IX', 'Zwolle', '', 'nisi.mauris@hotmail.ca', '(04533) 6871908'),
(27, 'Penatibus Et LLP', 'Ap #240-8925 Amet Rd.', '30', '1144 IQ', 'Almere', 'NL', 'rhoncus@google.com', '(08683) 6543681'),
(28, 'Sit Amet Ornare Corp.', '819-743 Per Street', '21', '5682 VN', 'Coevorden', 'NL', 'dolor@hotmail.com', '(034261) 512238'),
(29, 'Ligula LLC', 'Ap #842-9974 Arcu. St.', '94', '5285 BX', 'Zolder', 'NL', 'non.dui.nec@yahoo.com', '(0236) 85293854'),
(30, 'Netus Et Malesuada Ltd', '710-6970 Sagittis. Rd.', '51', '7757 EY', 'Deventer', '', 'dapibus.quam@yahoo.org', '(031336) 751232'),
(31, 'Quam Quis Inc.', 'P.O. Box 784, 4138 Sed St.', '75', '7726 VS', 'Zwolle', '', 'donec.egestas@outlook.net', '(0485) 47778246'),
(32, 'Semper Tellus Id PC', 'P.O. Box 205, 3114 Egestas Rd.', '6', '5165 QW', 'Stevoort', '', 'et@outlook.couk', '(0706) 57137215'),
(33, 'Amet Ante Ltd', '5013 Non, Road', '83', '4710 JU', 'Ravenstein', 'NL', 'ipsum.phasellus.vitae@protonmail.com', '(008) 33687867'),
(34, 'Jeroen Post', 'Schubertpad 10', '123', '3261JJ', 'Oud-Beijerland', 'NE', 'jeroenpost123@upcmail.nl', '0624954537');


ALTER TABLE companies MODIFY COLUMN id INT AUTO_INCREMENT PRIMARY KEY;

ALTER TABLE functions ADD PRIMARY KEY (name);

ALTER TABLE relations MODIFY COLUMN id INT AUTO_INCREMENT PRIMARY KEY;

ALTER TABLE articles MODIFY COLUMN id INT AUTO_INCREMENT PRIMARY KEY;

ALTER TABLE employees
MODIFY COLUMN id INT AUTO_INCREMENT PRIMARY KEY,
ADD FOREIGN KEY (company_id) REFERENCES companies (id),
ADD FOREIGN KEY (function_name) REFERENCES functions (name);

ALTER TABLE accessibilities
ADD PRIMARY KEY (function_name),
ADD FOREIGN KEY (function_name) REFERENCES functions (name) ON DELETE CASCADE;


ALTER TABLE orders
MODIFY COLUMN id INT AUTO_INCREMENT PRIMARY KEY,
ADD FOREIGN KEY (relation_id) REFERENCES relations (id) ON DELETE RESTRICT,
ADD FOREIGN KEY (employee_id) REFERENCES employees (id) ON DELETE RESTRICT,
ADD FOREIGN KEY (company_id) REFERENCES companies (id) ON DELETE RESTRICT;

ALTER TABLE order_lines
ADD PRIMARY KEY (order_id, order_line),
ADD FOREIGN KEY (order_id) REFERENCES orders (id) ON DELETE CASCADE,
ADD FOREIGN KEY (article_id) REFERENCES articles (id) ON DELETE RESTRICT;

DELIMITER $$
CREATE TRIGGER add_accessibility_record
AFTER INSERT ON functions
FOR EACH ROW
BEGIN
  INSERT INTO accessibilities (function_name, can_acces_orders, can_acces_relations, can_acces_articles, can_acces_employees)
  VALUES (NEW.name, 0, 0, 0, 0);
END$$
DELIMITER ;

DELIMITER $$
CREATE TRIGGER check_employee_active
BEFORE INSERT ON orders
FOR EACH ROW
BEGIN
  DECLARE employee_active INT;
  SELECT is_active INTO employee_active FROM employees WHERE id = NEW.employee_id;
  IF employee_active <> 1 THEN
    SIGNAL SQLSTATE '45000' SET MESSAGE_TEXT = 'Cannot insert order for inactive employee';
  END IF;
END $$
DELIMITER ;

DELIMITER $$
CREATE TRIGGER check_article_active
BEFORE INSERT ON order_lines
FOR EACH ROW
BEGIN
  DECLARE article_active INT;
  SELECT is_active INTO article_active FROM articles WHERE id = NEW.article_id;
  IF article_active <> 1 THEN
    SIGNAL SQLSTATE '45000' SET MESSAGE_TEXT = 'Cannot insert order line for inactive article';
  END IF;
END $$
DELIMITER ;

DELIMITER $$
CREATE TRIGGER restrict_deleting_orders
BEFORE DELETE ON orders
FOR EACH ROW
BEGIN
    IF OLD.is_finalized = 1 THEN
        SIGNAL SQLSTATE '45000' 
            SET MESSAGE_TEXT = 'Cannot delete order that has been finalized';
    END IF;
END$$
DELIMITER ;

DELIMITER $$
CREATE TRIGGER restrict_deleting_order_lines
BEFORE DELETE ON order_lines
FOR EACH ROW
BEGIN
    DECLARE is_finalized INT;
    SELECT is_finalized INTO is_finalized FROM orders WHERE id = OLD.order_id;
    IF is_finalized = 1 THEN
        SIGNAL SQLSTATE '45000' 
            SET MESSAGE_TEXT = 'Cannot delete order line when order is finalized';
    END IF;
END$$
DELIMITER ;

DELIMITER $$
CREATE TRIGGER auto_increment_order_line
BEFORE INSERT ON order_lines
FOR EACH ROW
BEGIN
    SET NEW.order_line = (
        SELECT COALESCE(MAX(order_line), 0) + 1
        FROM order_lines
        WHERE order_id = NEW.order_id
    );
END$$
DELIMITER ;



